Vendor,Vendor Name,Part No,Model,Characteristic,Characteristic Description,Specification,Cp,CpK
DDY00005AB,YAPP INDIA AUTOMOTIVE SYSTEMS,1001AAB03771N,THAR 5DOOR (W502),TORQUE,Torque Value of Lock Ring,270,44.87,43.19
DDY00005AB,YAPP INDIA AUTOMOTIVE SYSTEMS,1001AAC00911N,THAR 5DOOR (W502),TORQUE,Torque Value of Lock Ring,270,42.47,40.76
DDA00882AB,AUTOMECH,0502AAA13660N,THAR 5DOOR (W502),TORQUE,LCA to lower balljoint torque,240,13.57,12.98
DDA00882AB,AUTOMECH,0502AAA13650N,THAR 5DOOR (W502),TORQUE,LCA  to Lower balljoint torque,240,12.94,12.32
DDI00001AC,IAC INTERNATIONAL AUTOMOTIVE INDIA,2301AW500240D,THAR 5DOOR (W502),OTHER,Laser Scoring - No. of Holes- Hard,2172,8.84,8.37
DDU00161AA,UNO MINDARIKA PVT LTD,1803AW500111N,THAR 5DOOR (W502),DIMN - DIMENSION,Center distance,72,7.75,7.72
DDM00245AA,MSKH SEATING SYSTEMS INDIA,2401AW500691A,THAR 5DOOR (W502),TORQUE,SBB Anchorage torque,50,7.879,7.529
DDI00001AC,IAC INTERNATIONAL AUTOMOTIVE INDIA,2301AW502470D,THAR 5DOOR (W502),OTHER,Laser Scoring - No. of Holes- Soft,1647,7.56,7.51
DDF00006AA,FAURECIA EMISSIONS CONTROL,0901AAC01071N,THAR 5DOOR (W502),LEAKAGE,Leak Rate,0,        ,7.46
DDF00006AA,FAURECIA EMISSIONS CONTROL,0903AAB03701N,THAR 5DOOR (W502),LEAKAGE,Leak Rate,0,        ,7.37
DDM00239AB,MITSUBA INDIA PRIVATE LIMITED,0116EW500031N,THAR 5DOOR (W502),ANGLE,Wiping Angle at No load,174,7.66,7.21
DDM00245AA,MSKH SEATING SYSTEMS INDIA,2401AW500701A,THAR 5DOOR (W502),TORQUE,SBB Anchorage torque,50,7.634,7.183
DDF00006AA,FAURECIA EMISSIONS CONTROL,0903AAB03571N,THAR 5DOOR (W502),LEAKAGE,Leak Rate,0,        ,6.69
DDM00245AA,MSKH SEATING SYSTEMS INDIA,2401AW500701A,THAR 5DOOR (W502),TORQUE,Marriage bolt torque,45,6.959,6.638
DDF00006AA,FAURECIA EMISSIONS CONTROL,0901BAC00291N,THAR 5DOOR (W502),LEAKAGE,Leak Rate,0,        ,6.5
DDF00006AA,FAURECIA EMISSIONS CONTROL,0903AAC01261N,THAR 5DOOR (W502),LEAKAGE,Leak Rate,0,        ,6.08
DDM00245AA,MSKH SEATING SYSTEMS INDIA,2401AW500691A,THAR 5DOOR (W502),TORQUE,Marriage bolt torque,45,6.202,5.884
DDM00245AA,MSKH SEATING SYSTEMS INDIA,2402AW500281A,THAR 5DOOR (W502),TORQUE,ELR belt torque,50,6.182,5.838
DDF00006AA,FAURECIA EMISSIONS CONTROL,0903AAB03561N,THAR 5DOOR (W502),LEAKAGE,Leak Rate,0,        ,5.71
DDU00161AA,UNO MINDARIKA PVT LTD,1705DW500071N,THAR 5DOOR (W502),DIMN - DIMENSION,Width,199,5.53,5.04
DDU00161AA,UNO MINDARIKA PVT LTD,1203HW500051N,THAR 5DOOR (W502),DIMN - DIMENSION,Top rib Center distance,54,5.45,4.82
DDU00161AA,UNO MINDARIKA PVT LTD,1203HW500051N,THAR 5DOOR (W502),DIMN - DIMENSION,Hole diameter,4.5,5.45,4.6
DDU00161AA,UNO MINDARIKA PVT LTD,1203HW500051N,THAR 5DOOR (W502),DIMN - DIMENSION,Bottom rib Center distance,54,5.28,4.58
DDY00005AB,YAPP INDIA AUTOMOTIVE SYSTEMS,1001AAC00911N,THAR 5DOOR (W502),RESISTANCE,FDM Indication: Full  Stops,140,4.67,4.38
DDI00048AA,INTEGRA AUTOMATION PRIVATE LIMITED,0401DAA05370N,THAR 5DOOR (W502),DIMN - DIMENSION,Knuckle Thickness,25,4.53,4.3
DDU00161AA,UNO MINDARIKA PVT LTD,1203HW500061N,THAR 5DOOR (W502),DIMN - DIMENSION,Centre distance,54,5.45,4.25
DDM00018AC,Motherson Sumi Wiring,1801CW500830N,THAR 5DOOR (W502),THICKNESS,Crimping Height,0.90,4.53,4.19
DDH00005AA,HARMAN INTERNATIONAL INDIA,1503AAA03181N,THAR 5DOOR (W502),DIMN - DIMENSION,Bracket Screwing Torque,7.5,4.33,4.06
DDU00161AA,UNO MINDARIKA PVT LTD,1203HW500051N,THAR 5DOOR (W502),DIMN - DIMENSION,centre distance,58,5.28,4.02
DDM00239AB,MITSUBA INDIA PRIVATE LIMITED,0116EW500031N,THAR 5DOOR (W502),CURRENT,Current at no load,2,4.69,3.98
DDM00811AA,MINDA VAST ACCESS SYSTEMS,0114GW500021N,THAR 5DOOR (W502),DIMN - DIMENSION,Dimension,74.8,4.01,3.97
DDM00106AA,MARQUARDT INDIA PVT LTD.,1805AAA09401N,THAR 5DOOR (W502),DIMN - DIMENSION,Dimension,7,4.05,3.96
DDM00106AA,MARQUARDT INDIA PVT LTD.,1805AW500241N,THAR 5DOOR (W502),DIMN - DIMENSION,dimensional,7,4.05,3.96
DDY00005AB,YAPP INDIA AUTOMOTIVE SYSTEMS,1001AAB03771N,THAR 5DOOR (W502),RESISTANCE,FDM Indication: Full  Stops,140,4.20,3.94
DDM00018AC,Motherson Sumi Wiring,1801CW500690N,THAR 5DOOR (W502),THICKNESS,Crimping Height,1.05,4.27,3.92
DDM00106AA,MARQUARDT INDIA PVT LTD.,1105BAA02271N,THAR 5DOOR (W502),DIMN - DIMENSION,Radius,22.6,4.59,3.87
DDM00018AC,Motherson Sumi Wiring,1801CW501280N,THAR 5DOOR (W502),THICKNESS,Crimping Height,1.10,4.31,3.86
DDS01789AA,SANJYOT METAL INDUSTRIES,0101EW502980N,THAR 5DOOR (W502),POSITION,Trim Locator Slot- Z,1250,7.29,3.86
DDA00267AA,AAM AUTO COMPONENT (INDIA),0502EUA00201N,THAR 5DOOR (W502),RUNOUT,Face Runout,0.050,        ,3.81
DDU00161AA,UNO MINDARIKA PVT LTD,1803AAA01781N,THAR 5DOOR (W502),DIMN - DIMENSION,Center distance,144,4.33,3.81
DDS01789AA,SANJYOT METAL INDUSTRIES,0101EW502990N,THAR 5DOOR (W502),POSITION,LH B PILLAR TRIM LOCATOR Hole 2 - X,2816.99,9.60,3.8
DDU00161AA,UNO MINDARIKA PVT LTD,1203HW500061N,THAR 5DOOR (W502),DIMN - DIMENSION,lock rib distance to wall,20,4.98,3.72
DDT00065AD,TAKSHI AUTO COMPONENTS PVT LTD,0502BAA13980N,THAR 5DOOR (W502),INNER DIAMETER,Flange ID- LH side,102.04 +0.04/-0.0,4.030,3.667
DDM00018AC,Motherson Sumi Wiring,1801CW501020N,THAR 5DOOR (W502),THICKNESS,Crimping Height,1.15,3.72,3.6
DDI00001AC,IAC INTERNATIONAL AUTOMOTIVE INDIA,2301AW502920M,THAR 5DOOR (W502),EFFORRS,Glove Box Opening Effort,12,4.11,3.59
DDS01789AA,SANJYOT METAL INDUSTRIES,0101EW503610N,THAR 5DOOR (W502),POSITION,Trim C Locator Hole - Z,1522.973,7.10,3.58
DDS01789AA,SANJYOT METAL INDUSTRIES,0101EW502990N,THAR 5DOOR (W502),POSITION,LH B PILLAR TRIM LOCATOR Hole 2 - Z,1250,7.86,3.56
DDU00161AA,UNO MINDARIKA PVT LTD,1203HW500061N,THAR 5DOOR (W502),DIMN - DIMENSION,lock rib dimn,8,4.65,3.53
DDM00106AA,MARQUARDT INDIA PVT LTD.,1105BAA02271N,THAR 5DOOR (W502),DIMN - DIMENSION,DIMENSION,27.2,5.05,3.51
DDS00016AB,SATISH INJECTOPLAST,2303BW500350N,THAR 5DOOR (W502),PART WEIGHT,Gram,37.6,3.63,3.51
DDT00065AD,TAKSHI AUTO COMPONENTS PVT LTD,0502BAA13980N,THAR 5DOOR (W502),INNER DIAMETER,Flange ID  - RH side,102.04 +0.04/-0.0,3.717,3.475
DDA00039AC,ALF ENGINEERING PVT LTD,0101BW502800N,THAR 5DOOR (W502),POSITION,BODY MTG L4- X,4429.487,3.85,3.42
DDI00001AC,IAC INTERNATIONAL AUTOMOTIVE INDIA,2301AW500460M,THAR 5DOOR (W502),EFFORRS,Glove Box Closing Effort,20,5.30,3.42
DDI00088AA,INTERFACE MICRO SYSTEMS,1701AAA09441N,THAR 5DOOR (W502),DIMN - DIMENSION,LENGTH,110,4.043,3.413
DDT00065AD,TAKSHI AUTO COMPONENTS PVT LTD,0502BAA15040N,THAR 5DOOR (W502),INNER DIAMETER,Flange ID- LH side 102,102.04 +0.04/-0.0,3.730,3.413
DDA00039AC,ALF ENGINEERING PVT LTD,0101BW502800N,THAR 5DOOR (W502),POSITION,BODY MTG R4- X,4429.487,5.09,3.4
DDM00239AB,MITSUBA INDIA PRIVATE LIMITED,0116EW500031N,THAR 5DOOR (W502),OTHER,RPM,38,3.74,3.35
DDN00085XA,NOBEL AUTOMOTIVE INDIA PVT LTD,1001BAB01251N,THAR 5DOOR (W502),OUTER DIAMETER,Filler Head Top Dia,46.7,4.24,3.35
DDM00245AA,MSKH SEATING SYSTEMS INDIA,2401AW500701A,THAR 5DOOR (W502),TORQUE,Seat track to cushion assy nut,25,3.645,3.277
DDU00161AA,UNO MINDARIKA PVT LTD,1105GAA01211N,THAR 5DOOR (W502),DIMN - DIMENSION,center distance,23,3.48,3.26
DDM00245AA,MSKH SEATING SYSTEMS INDIA,2401AW500691A,THAR 5DOOR (W502),TORQUE,Seat track to cushion assy nut,25,3.645,3.254
DDM00018AC,Motherson Sumi Wiring,1801BW501310N,THAR 5DOOR (W502),THICKNESS,Crimping Height,1.15,3.25,3.24
DDY00005AB,YAPP INDIA AUTOMOTIVE SYSTEMS,1001AAB03771N,THAR 5DOOR (W502),OUTER DIAMETER,FDM OD,134.5,3.98,3.24
DDS00016AB,SATISH INJECTOPLAST,2303BW500330N,THAR 5DOOR (W502),PART WEIGHT,Gram,37.2,3.36,3.22
DDI00088AA,INTERFACE MICRO SYSTEMS,1701AAA09431N,THAR 5DOOR (W502),DIMN - DIMENSION,LENGTH,110,3.884,3.212
DDA00039AC,ALF ENGINEERING PVT LTD,0101BW502800N,THAR 5DOOR (W502),POSITION,BKT REINF BMPR REAR LOCATOR Slot 1- X,4482.3,3.46,3.2
DDM00018AC,Motherson Sumi Wiring,1801AW501100N,THAR 5DOOR (W502),THICKNESS,Crimping Height,7.7,3.29,3.19
DDM00018AC,Motherson Sumi Wiring,1801CW500660N,THAR 5DOOR (W502),THICKNESS,Crimping Height,0.90,3.22,3.16
DDM00018AC,Motherson Sumi Wiring,1801CW500770N,THAR 5DOOR (W502),THICKNESS,Crimping Height,0.90,3.22,3.16
DDP00123AD,Purflux Engine Systems India,0313CAS00091N,THAR 5DOOR (W502),TORQUE,Torque,6.5,3.24,3.15
DDA00267AA,AAM AUTO COMPONENT (INDIA),0502EUA00201N,THAR 5DOOR (W502),RUNOUT,OD Runout,0.050,        ,3.1
DDU00161AA,UNO MINDARIKA PVT LTD,1105GAA00411N,THAR 5DOOR (W502),DIMN - DIMENSION,center distance,23,3.37,3.1
DDM00018AC,Motherson Sumi Wiring,1801CW500840N,THAR 5DOOR (W502),THICKNESS,Crimping Height,1.0,3.19,3.08
DDY00005AB,YAPP INDIA AUTOMOTIVE SYSTEMS,1001AAB03771N,THAR 5DOOR (W502),PART WEIGHT,Weight of tank body,7290,6.14,3.07
DDU00161AA,UNO MINDARIKA PVT LTD,1105GAA01211N,THAR 5DOOR (W502),DIMN - DIMENSION,center distance,23.25,3.48,3.06
DDY00005AB,YAPP INDIA AUTOMOTIVE SYSTEMS,1001AAC00911N,THAR 5DOOR (W502),DIMN - DIMENSION,Depth of FDM opening,176.6,3.75,3.06
DDM00245AA,MSKH SEATING SYSTEMS INDIA,2402AW500281A,THAR 5DOOR (W502),EFFORRS,Seat back unfolding effort 40,80,3.195,3.045
DDM00805AA,MOONLIGHT AUTO PVT LTD,2601AW500230N,THAR 5DOOR (W502),PARALLELISM,Parallism Brake Switch mtg. to Stopper Bkt.,0,4.73,3.04
DDN00379AD,NHK SPRING INDIA LTD.,0401EBB01521N,THAR 5DOOR (W502),HARDNESS,341 to 415 BHN,378,3.23,3.04
DDA00310AA,ATHARVA FOUNDRIES PVT. LTD,0502BAA15590N004,THAR 5DOOR (W502),INNER DIAMETER,BOLT HOLE ID,18.025/18.075,3.231,3.024
DDA00039AC,ALF ENGINEERING PVT LTD,0101BW502800N,THAR 5DOOR (W502),POSITION,BKT REINF BMPR REAR LOCATOR Slot 2- Y,-412.5,3.69,3.02
DDU00161AA,UNO MINDARIKA PVT LTD,1803AAA01791N,THAR 5DOOR (W502),DIMN - DIMENSION,Rib width,6,3.67,3.02
DDT00446AA,TALBROS ENGINEERING LTD,0502FAA06200N,THAR 5DOOR (W502),OUTER DIAMETER,Drum Dia,75.985/76.035,3.05,3.01
DDY00005AB,YAPP INDIA AUTOMOTIVE SYSTEMS,1001AAC00911N,THAR 5DOOR (W502),INNER DIAMETER,Diameter of FDM opening,130.5,3.40,2.97
DDL00022AA,LUMAX INDUSTRIES LIMITED,1701AW500121N,THAR 5DOOR (W502),INNER DIAMETER,Dimension,9,3.61,2.94
DDH00079AB,HL Mando Anand  India Private Limit,1104AAA07451N,THAR 5DOOR (W502),OUTER DIAMETER,Outer Tube Diameter,44,3.05,2.93
DDM00106AA,MARQUARDT INDIA PVT LTD.,1805AAA09401N,THAR 5DOOR (W502),DIMN - DIMENSION,Diemension,44.25,3,2.93
DDM00106AA,MARQUARDT INDIA PVT LTD.,1805AW500241N,THAR 5DOOR (W502),DIMN - DIMENSION,Dimension,44.25,3,2.93
DDM00245AA,MSKH SEATING SYSTEMS INDIA,2401AW500691A,THAR 5DOOR (W502),EFFORRS,Seat rearward sliding effort,50,3.362,2.93
DDM00018AC,Motherson Sumi Wiring,1801CW501750N,THAR 5DOOR (W502),THICKNESS,Crimping Height,1.10,3.02,2.9
DDA00039AC,ALF ENGINEERING PVT LTD,0101EW503680N,THAR 5DOOR (W502),PROFILE,SP2- Hinge Tail Gate Matching Surface,0,3.28,2.89
DDH00005AA,HARMAN INTERNATIONAL INDIA,1503AAA03181N,THAR 5DOOR (W502),DIMN - DIMENSION,Cover Screwing Torque,1.5,3.21,2.89
DDH00079AB,HL Mando Anand  India Private Limit,1104AAA07451N,THAR 5DOOR (W502),DIMN - DIMENSION,Keyhole Center From Poka Yoke Hole,22.4,2.89,2.88
DDY00005AB,YAPP INDIA AUTOMOTIVE SYSTEMS,1001AAC00911N,THAR 5DOOR (W502),RESISTANCE,FDM Indication:  Empty Stops,20,5.20,2.88
DDA00039AC,ALF ENGINEERING PVT LTD,0101EW503680N,THAR 5DOOR (W502),PROFILE,SP3- Hinge Tail Gate Matching Surface,0,3.88,2.86
DDA00039AC,ALF ENGINEERING PVT LTD,0101BW503980N,THAR 5DOOR (W502),POSITION,Seat Locator 2- Y,591,4.03,2.85
DDA00039AC,ALF ENGINEERING PVT LTD,0101BW503980N,THAR 5DOOR (W502),POSITION,Seat Locator 2- X,2446.729,4.06,2.84
DDU00161AA,UNO MINDARIKA PVT LTD,1705DW500111N,THAR 5DOOR (W502),DIMN - DIMENSION,Centre distance,9,3.98,2.83
DDT00065AD,TAKSHI AUTO COMPONENTS PVT LTD,0502BAA13980N,THAR 5DOOR (W502),INNER DIAMETER,Seal Pressing ID,62.0 +0.048/-0.00,3.521,2.818
DDH00079AB,HL Mando Anand  India Private Limit,1104AAA07211N,THAR 5DOOR (W502),OUTER DIAMETER,LWR IMS serration B,18.404,6.82,2.81
DDH00079AB,HL Mando Anand  India Private Limit,1104AAA07451N,THAR 5DOOR (W502),OUTER DIAMETER,UPR IMS serration A,18.404,6.82,2.81
DDP00123AD,Purflux Engine Systems India,0313CAS00091N,THAR 5DOOR (W502),LEAKAGE,Leak Rate,0,5.95,2.8
DDU00161AA,UNO MINDARIKA PVT LTD,1105GUA00051N,THAR 5DOOR (W502),DIMN - DIMENSION,center distance,19.9,3.27,2.8
DDU00161AA,UNO MINDARIKA PVT LTD,1105GUA00051N,THAR 5DOOR (W502),DIMN - DIMENSION,centre distance,19.9,3.27,2.8
DDP00123AD,Purflux Engine Systems India,0313CAM00091N,THAR 5DOOR (W502),LEAKAGE,Leak Rate,0,3.05,2.78
DDT00446AA,TALBROS ENGINEERING LTD,0502FAA06070N,THAR 5DOOR (W502),OUTER DIAMETER,Seal Dia 63,63,2.97,2.78
DDU00161AA,UNO MINDARIKA PVT LTD,1803AW500141N,THAR 5DOOR (W502),DIMN - DIMENSION,Hole dia,5,3.03,2.78
DDY00005AB,YAPP INDIA AUTOMOTIVE SYSTEMS,1001AAC00911N,THAR 5DOOR (W502),OUTER DIAMETER,FDM OD,134.5,3.36,2.78
DDR00138AA,ROSENBERGER INTERCONNECT,1801CW502190N,THAR 5DOOR (W502),THICKNESS,Crimping Height,3.3,2.95,2.77
DDR00138AA,ROSENBERGER INTERCONNECT,1801CW502210N,THAR 5DOOR (W502),THICKNESS,Crimping Height,3.30,2.95,2.77
DDU00001AV,UNO MINDA LIMITED LIGHTING,1701GW500011N,THAR 5DOOR (W502),INNER DIAMETER,Inner dia,7,2.88,2.77
DDT00065AD,TAKSHI AUTO COMPONENTS PVT LTD,0502BAA13980N,THAR 5DOOR (W502),DIMN - DIMENSION,ABS face height RH,52.45 ±0.15,2.866,2.74
DDS00033AF,STEEL STRIPS WHEELS LIMITED,0404AAA67771A,THAR 5DOOR (W502),DYNAMIC IMBALANCE,30 GM - Dynamic Imbalance,30,3.49,2.73
DDS00033AF,STEEL STRIPS WHEELS LIMITED,0404AAA67771N,THAR 5DOOR (W502),DYNAMIC IMBALANCE,30 Gram,30,3.49,2.73
DDS01789AA,SANJYOT METAL INDUSTRIES,0101EW502980N,THAR 5DOOR (W502),POSITION,Trim Locator Sq Hole - X,2836.92,5.72,2.72
DDT00446AA,TALBROS ENGINEERING LTD,0502FAA06070N,THAR 5DOOR (W502),OUTER DIAMETER,Drum Dia,75.985/76.035,2.80,2.72
DDA00039AC,ALF ENGINEERING PVT LTD,0101EW503680N,THAR 5DOOR (W502),PROFILE,SP4- Hinge Tail Gate Matching Surface,0,3.52,2.71
DDR00138AA,ROSENBERGER INTERCONNECT,1801CW502190N,THAR 5DOOR (W502),THICKNESS,Crimping Height,0.78,3.16,2.71
DDR00138AA,ROSENBERGER INTERCONNECT,1801CW502210N,THAR 5DOOR (W502),THICKNESS,Crimping Height,0.78,3.16,2.71
DDM00001AJ,MINDA CORPORATION LIMITED,2301BW500071D,THAR 5DOOR (W502),EFFORRS,Operating Efforts-Down,2.5,3.37,2.66
DDA00039AC,ALF ENGINEERING PVT LTD,0101EW503680N,THAR 5DOOR (W502),PROFILE,SP1- Hinge Tail Gate Matching Surface,0,3.09,2.61
DDU00161AA,UNO MINDARIKA PVT LTD,1203HW500061N,THAR 5DOOR (W502),DIMN - DIMENSION,Hole diameter,4.5,2.68,2.61
DDY00005AB,YAPP INDIA AUTOMOTIVE SYSTEMS,1001AAB03771N,THAR 5DOOR (W502),INNER DIAMETER,Diameter of FDM opening,130.50,2.98,2.61
DDT00065AD,TAKSHI AUTO COMPONENTS PVT LTD,0502BAA15040N,THAR 5DOOR (W502),INNER DIAMETER,Flange ID - RH side 62,62.0 +0.048/-0.00,3.156,2.605
DDU00161AA,UNO MINDARIKA PVT LTD,1105GAA01261N,THAR 5DOOR (W502),DIMN - DIMENSION,center distance,23.25,3.17,2.6
DDT00065AD,TAKSHI AUTO COMPONENTS PVT LTD,0502BAA15040N,THAR 5DOOR (W502),INNER DIAMETER,Flange ID  - RH side,102.04 +0.04/-0.0,2.798,2.587
DDT00446AA,TALBROS ENGINEERING LTD,0502FAA06660N,THAR 5DOOR (W502),OUTER DIAMETER,Drum Dia,76.01,2.64,2.58
DDL00022AA,LUMAX INDUSTRIES LIMITED,1701AW500091N,THAR 5DOOR (W502),INNER DIAMETER,Inner Dia,9.7,2.86,2.56
DDL00022AA,LUMAX INDUSTRIES LIMITED,1701AW500101N,THAR 5DOOR (W502),INNER DIAMETER,Inner Dia,9.7,2.86,2.56
DDL00022AA,LUMAX INDUSTRIES LIMITED,1701AW500111N,THAR 5DOOR (W502),INNER DIAMETER,Inner Dia,9.7,2.86,2.56
DDM00245AA,MSKH SEATING SYSTEMS INDIA,2401AW500691A,THAR 5DOOR (W502),EFFORRS,Seat forward sliding effort,100,3.172,2.554
DDL00022AA,LUMAX INDUSTRIES LIMITED,1701AW500111N,THAR 5DOOR (W502),INNER DIAMETER,DImension,9,3.27,2.55
DDT00446AA,TALBROS ENGINEERING LTD,0502FAA06200N,THAR 5DOOR (W502),OUTER DIAMETER,Wheel rim Dia,65,2.87,2.54
DDT00446AA,TALBROS ENGINEERING LTD,0502FAA06660N,THAR 5DOOR (W502),OUTER DIAMETER,Seal Dia 63,63,2.90,2.54
DDU00161AA,UNO MINDARIKA PVT LTD,1203HW500061N,THAR 5DOOR (W502),DIMN - DIMENSION,lock rib dimn,7.83,6.64,2.54
DDU00161AA,UNO MINDARIKA PVT LTD,1105GUA00051N,THAR 5DOOR (W502),DIMN - DIMENSION,center distance,31.5,3.26,2.53
DDM00018AC,Motherson Sumi Wiring,1801AW502970N,THAR 5DOOR (W502),THICKNESS,Crimping Height,1.10,3.63,2.52
DDS00033AF,STEEL STRIPS WHEELS LIMITED,0404AAA67771A,THAR 5DOOR (W502),STATIC IMBALANCE,500 GM.CM,500,3.91,2.51
DDU00161AA,UNO MINDARIKA PVT LTD,1105GAA00411N,THAR 5DOOR (W502),DIMN - DIMENSION,Centre distance,19.5,3.27,2.51
DDT00446AA,TALBROS ENGINEERING LTD,0502FAA06660N,THAR 5DOOR (W502),OUTER DIAMETER,Wheel Rim Dia,65,2.79,2.5
DDB00131AA,BEHR HELLA THERMOCONTROL PVT,1204CW500011N,THAR 5DOOR (W502),INNER DIAMETER,Centre distance,100,2.64,2.49
DDH00079AB,HL Mando Anand  India Private Limit,1104AAA07451N,THAR 5DOOR (W502),OUTER DIAMETER,Outer Tube Diameter,45,2.76,2.49
DDH00331AB,HANON AUTOMOTIVE SYSTEMS,0304ABH00881N,THAR 5DOOR (W502),DIMN - DIMENSION,Outlet Tank Spout diameter,36,2.69,2.49
DDA00039AC,ALF ENGINEERING PVT LTD,0101BW503990N,THAR 5DOOR (W502),POSITION,Seat Locator 2- Y,-591.001,3.51,2.48
DDB00131AA,BEHR HELLA THERMOCONTROL PVT,1204CW500011N,THAR 5DOOR (W502),DIMN - DIMENSION,Dia,4.5,2.50,2.48
DDH00331AB,HANON AUTOMOTIVE SYSTEMS,0304ABH00881N,THAR 5DOOR (W502),DIMN - DIMENSION,Inlet Tank Spout diameter,36,2.68,2.48
DDL00002AA,Ls Automotive India,0109ES200141N,THAR 5DOOR (W502),DIMN - DIMENSION,Dimension,86.9,3.09,2.47
DDI00001AC,IAC INTERNATIONAL AUTOMOTIVE INDIA,2301FW501680N,THAR 5DOOR (W502),EFFORRS,Armrest Opening Effort,12,2.56,2.45
DDH00005AA,HARMAN INTERNATIONAL INDIA,1503AAA03111N,THAR 5DOOR (W502),DIMN - DIMENSION,Screwing Torque,2.6,2.86,2.44
DDU00001AV,UNO MINDA LIMITED LIGHTING,1703AW500081N,THAR 5DOOR (W502),INNER DIAMETER,Dimension,8,2.51,2.44
DDU00161AA,UNO MINDARIKA PVT LTD,1105GAA01261N,THAR 5DOOR (W502),DIMN - DIMENSION,center distance,31.5,3.28,2.44
DDA00039AC,ALF ENGINEERING PVT LTD,0101BW502800N,THAR 5DOOR (W502),POSITION,BODY MTG R4- Y,437.003,2.77,2.43
DDM00245AA,MSKH SEATING SYSTEMS INDIA,2401AW500691A,THAR 5DOOR (W502),EFFORRS,HR operating effort DOWN,30,2.929,2.429
DDU00161AA,UNO MINDARIKA PVT LTD,1105GAA00411N,THAR 5DOOR (W502),DIMN - DIMENSION,center distance,31.5,3.31,2.42
DDJ00038AD,JBM AUTO LIMITED,0102FW500030N,THAR 5DOOR (W502),PROFILE,SP3- CTQ Panel Matching Surface,0,2.38,2.41
DDN00085XA,NOBEL AUTOMOTIVE INDIA PVT LTD,1001BAB01251N,THAR 5DOOR (W502),THICKNESS,Diesel Filler Pipe Thickness,1.5,2.42,2.41
DDN00379AD,NHK SPRING INDIA LTD.,0401EBB01491N,THAR 5DOOR (W502),HARDNESS,341 to 415 BHN,378,2.42,2.41
DDT00060AA,TENNECO AUTOMOTIVE INDIA,0403ABB01371N,THAR 5DOOR (W502),TORQUE,NUT TIGHTENING TORQUE,40,2.67,2.41
DDT00446AA,TALBROS ENGINEERING LTD,0502FAA06670N,THAR 5DOOR (W502),OUTER DIAMETER,Seal Dia 63,63,2.67,2.41
DDP00123AD,Purflux Engine Systems India,0313CAM00091N,THAR 5DOOR (W502),TORQUE,Torque,6.5,2.47,2.4
DDU00161AA,UNO MINDARIKA PVT LTD,1105GAA01261N,THAR 5DOOR (W502),DIMN - DIMENSION,Centre distance,23,3.07,2.4
DDY00005AB,YAPP INDIA AUTOMOTIVE SYSTEMS,1001AAC00911N,THAR 5DOOR (W502),PART WEIGHT,Weight of tank body,7290,4.95,2.4
DDH00331AA,HANON AUTOMOTIVE SYSTEMS,0304ABG00331N,THAR 5DOOR (W502),DIMN - DIMENSION,External Fin height,7.35,2.53,2.39
DDH00331AA,HANON AUTOMOTIVE SYSTEMS,0304ABH00931N,THAR 5DOOR (W502),DIMN - DIMENSION,External Fin height,7.35,2.53,2.39
DDM00245AA,MSKH SEATING SYSTEMS INDIA,2401AW500701A,THAR 5DOOR (W502),EFFORRS,Seat rearward sliding effort,50,2.812,2.386
DDN00085XA,NOBEL AUTOMOTIVE INDIA PVT LTD,1001BAC00341N,THAR 5DOOR (W502),THICKNESS,Gasoline Filler Pipe Thickness,1.5,3.03,2.38
DDT00446AA,TALBROS ENGINEERING LTD,0502FAA06070N,THAR 5DOOR (W502),OUTER DIAMETER,Seal Dia 40,40,2.63,2.38
DDY00005AB,YAPP INDIA AUTOMOTIVE SYSTEMS,1001AAB03771N,THAR 5DOOR (W502),THICKNESS,Bottom side,3,4.97,2.38
DDA00039AC,ALF ENGINEERING PVT LTD,0101BW502800N,THAR 5DOOR (W502),POSITION,Fascia Bumper RR 4 Way Locator- Y,-20.000,2.81,2.37
DDB00131AA,BEHR HELLA THERMOCONTROL PVT,1204CW500011N,THAR 5DOOR (W502),INNER DIAMETER,CD,100,2.51,2.37
DDT00060AA,TENNECO AUTOMOTIVE INDIA,0403ABB01371N,THAR 5DOOR (W502),INNER DIAMETER,Bush Mtg ID,14.25,2.56,2.37
DDY00005AB,YAPP INDIA AUTOMOTIVE SYSTEMS,1001AAC00911N,THAR 5DOOR (W502),THICKNESS,Bottom side,3,5.00,2.36
DDD00009AA,DANA ANAND INDIA,0501AAA05871N,THAR 5DOOR (W502),DIMN - DIMENSION,Seal height,20.778,2.9,2.35
DDS00033AF,STEEL STRIPS WHEELS LIMITED,0404AAA67771N,THAR 5DOOR (W502),STATIC IMBALANCE,Static imbalance - 500 GM.CM,500,2.79,2.35
DDU00161AA,UNO MINDARIKA PVT LTD,1705DW500101N,THAR 5DOOR (W502),DIMN - DIMENSION,Slot dimension,7.5,2.68,2.35
DDL00022AA,LUMAX INDUSTRIES LIMITED,1701AW500091N,THAR 5DOOR (W502),INNER DIAMETER,Inner Dia,9.8,2.60,2.34
DDL00022AA,LUMAX INDUSTRIES LIMITED,1701AW500101N,THAR 5DOOR (W502),INNER DIAMETER,Inner Dia,9.8,2.60,2.34
DDL00022AA,LUMAX INDUSTRIES LIMITED,1701AW500111N,THAR 5DOOR (W502),INNER DIAMETER,Inner Dia,9.8,2.60,2.34
DDL00022AA,LUMAX INDUSTRIES LIMITED,1701AW500121N,THAR 5DOOR (W502),INNER DIAMETER,Inner Dia,9.8,2.60,2.34
DDT00065AD,TAKSHI AUTO COMPONENTS PVT LTD,0502BAA15040N,THAR 5DOOR (W502),INNER DIAMETER,Flange ID  - LH side,62.0 +0.048/-0.00,2.915,2.333
DDA00039AC,ALF ENGINEERING PVT LTD,0101BW502800N,THAR 5DOOR (W502),POSITION,BODY MTG L4- Y,-437.003,3.02,2.33
DDT00060AA,TENNECO AUTOMOTIVE INDIA,0403ABB01371N,THAR 5DOOR (W502),DIMN - DIMENSION,Bottom Bush width,44,2.52,2.33
DDA00039AC,ALF ENGINEERING PVT LTD,0101BW503990N,THAR 5DOOR (W502),POSITION,Seat Locator 1- X,2446.737,3.73,2.32
DDL00022AA,LUMAX INDUSTRIES LIMITED,1701AW500091N,THAR 5DOOR (W502),INNER DIAMETER,Dimension,9,2.91,2.32
DDN00002AC,NIPPON AUDIOTRONIX PRIVATE,1503AUA00021N,THAR 5DOOR (W502),DIMN - DIMENSION,Diameter,9,2.49,2.32
DDT00446AA,TALBROS ENGINEERING LTD,0502FAA06200N,THAR 5DOOR (W502),OUTER DIAMETER,Seal Dia 63,63,2.57,2.31
DDM00245AA,MSKH SEATING SYSTEMS INDIA,2402AW500281A,THAR 5DOOR (W502),EFFORRS,HR operating effort DOWN,30,2.956,2.294
DDH00005AA,HARMAN INTERNATIONAL INDIA,1503AAA03181N,THAR 5DOOR (W502),DIMN - DIMENSION,Gapfiller Weight,0.52,2.57,2.29
DDM00018AC,Motherson Sumi Wiring,1801AW502340N,THAR 5DOOR (W502),THICKNESS,Crimping Height,0.90,2.52,2.29
DDM00043AC,MUNGI ENGINEERS PVT LTD,0101DW501120N,THAR 5DOOR (W502),POSITION,Sunroof locator 1- X,3244.844,2.61,2.29
DDA00003AA,ANANDJI HARIDAS AND-CO MPANY,0101EW503850N,THAR 5DOOR (W502),PROFILE,SP4- FUEL BOX Matching Surface,0,2.31,2.28
DDJ00038AD,JBM AUTO LIMITED,0101BW502880N,THAR 5DOOR (W502),POSITION,G11.11 WELD NUT 2- Z,785.5,2.21,2.28
DDN00379AD,NHK SPRING INDIA LTD.,0401EBB01521N,THAR 5DOOR (W502),TORQUE,90 +/- 10 N.M,90,2.41,2.28
DDH00331AA,HANON AUTOMOTIVE SYSTEMS,0304ABG00331N,THAR 5DOOR (W502),DIMN - DIMENSION,Inlet Spout OD 2,46,2.41,2.27
DDN00379AD,NHK SPRING INDIA LTD.,0401EBB01491N,THAR 5DOOR (W502),TORQUE,90 +/- 10 N.M,90,2.39,2.27
DDI00001AC,IAC INTERNATIONAL AUTOMOTIVE INDIA,2301AW500460M,THAR 5DOOR (W502),EFFORRS,Glove Box Opening Effort,10,2.85,2.26
DDT00446AA,TALBROS ENGINEERING LTD,0502FAA06670N,THAR 5DOOR (W502),OUTER DIAMETER,Drum Dia,76.01,2.45,2.26
DDA00039AC,ALF ENGINEERING PVT LTD,0101BW502800N,THAR 5DOOR (W502),POSITION,BKT REINF BMPR REAR LOCATOR Slot 2- Z,738,3.91,2.25
DDA00039AC,ALF ENGINEERING PVT LTD,0101BW503980N,THAR 5DOOR (W502),POSITION,Seat Locator 1- Y,191.004,2.89,2.25
DDM00245AA,MSKH SEATING SYSTEMS INDIA,2401AW500691A,THAR 5DOOR (W502),EFFORRS,Towel bar effort,30,2.304,2.242
DDT00060AA,TENNECO AUTOMOTIVE INDIA,0403ABB01371N,THAR 5DOOR (W502),DIMN - DIMENSION,Compressed length,380,        ,2.24
DDT00446AA,TALBROS ENGINEERING LTD,0502FAA06660N,THAR 5DOOR (W502),OUTER DIAMETER,Seal Dia 40,40,2.60,2.24
DDU00001AV,UNO MINDA LIMITED LIGHTING,1703AW500081N,THAR 5DOOR (W502),OUTER DIAMETER,Outer dia,5.6,3.1,2.24
DDH00079AB,HL Mando Anand  India Private Limit,1104AAA07211N,THAR 5DOOR (W502),ANGLE,Phase Angle,19.8,2.53,2.23
DDT00446AA,TALBROS ENGINEERING LTD,0502FAA06200N,THAR 5DOOR (W502),OUTER DIAMETER,Seal Dia 40,40,2.39,2.23
DDU00161AA,UNO MINDARIKA PVT LTD,1803AW500111N,THAR 5DOOR (W502),DIMN - DIMENSION,Rib slot dimn,1.5,3.32,2.23
DDH00005AA,HARMAN INTERNATIONAL INDIA,1503AAA03181N,THAR 5DOOR (W502),DIMN - DIMENSION,Standby Current,0.1,2.52,2.21
DDT00060AA,TENNECO AUTOMOTIVE INDIA,0403ABB01371N,THAR 5DOOR (W502),DIMN - DIMENSION,Extended length,508.8,2.56,2.21
DDA00039AC,ALF ENGINEERING PVT LTD,0101BW502800N,THAR 5DOOR (W502),POSITION,BKT REINF BMPR REAR LOCATOR Slot 1- Y,412.5,3.43,2.19
DDS01789AA,SANJYOT METAL INDUSTRIES,0101BW502940N,THAR 5DOOR (W502),POSITION,Nut 1- Y,419.5,4.09,2.19
DDA00039AC,ALF ENGINEERING PVT LTD,0101BW503980N,THAR 5DOOR (W502),POSITION,Seat Locator 2- Z,738.385,2.73,2.18
DDH00005AA,HARMAN INTERNATIONAL INDIA,1503AAA03111N,THAR 5DOOR (W502),DIMN - DIMENSION,Sensitivity,105,2.51,2.18
DDH00331AA,HANON AUTOMOTIVE SYSTEMS,0304ABG00331N,THAR 5DOOR (W502),DIMN - DIMENSION,Outlet Spout OD 1,0,2.32,2.18
DDH00331AA,HANON AUTOMOTIVE SYSTEMS,0304ABG00331N,THAR 5DOOR (W502),DIMN - DIMENSION,Outlet Spout OD 2,50,2.32,2.18
DDS00186AB,SKF INDIA LIMITED,0502BAA13621N,THAR 5DOOR (W502),OUTER DIAMETER,Outer Diamter,76.225,2.22,2.18
DDS00186AB,SKF INDIA LIMITED,0502BAA13631N,THAR 5DOOR (W502),OUTER DIAMETER,Outer Diameter,82.575,2.22,2.18
DDL00022AA,LUMAX INDUSTRIES LIMITED,1701AW500101N,THAR 5DOOR (W502),INNER DIAMETER,Dimension,9,2.71,2.17
DDT00446AA,TALBROS ENGINEERING LTD,0502FAA06670N,THAR 5DOOR (W502),OUTER DIAMETER,Seal Dia 40,40,2.57,2.17
DDM00245AA,MSKH SEATING SYSTEMS INDIA,2401AW500701A,THAR 5DOOR (W502),EFFORRS,Seat forward sliding effort,100,2.655,2.169
DDR00083AC,RANE MADRAS LIMITED,1101AAA03621N,THAR 5DOOR (W502),ANGLE,ANGLE,18.9,2.525,2.169
DDT00065AD,TAKSHI AUTO COMPONENTS PVT LTD,0502BAA13980N,THAR 5DOOR (W502),INNER DIAMETER,Seal Pressing ID RH,62.0 +0.048/-0.00,2.787,2.161
DDI00001AC,IAC INTERNATIONAL AUTOMOTIVE INDIA,2301AW502920M,THAR 5DOOR (W502),EFFORRS,Glove Box Closing Effort,45,3.84,2.16
DDA00310AA,ATHARVA FOUNDRIES PVT. LTD,0502BAA15590N004,THAR 5DOOR (W502),INNER DIAMETER,DOWEL DIA,9.00/9.020,3.371,2.151
DDT00044AB,TATA TOYO RADIATOR LTD,0702AAJ00221N,THAR 5DOOR (W502),THICKNESS,Bead Thickness,2,2.17,2.15
DDM00018AC,Motherson Sumi Wiring,1801CW501350N,THAR 5DOOR (W502),THICKNESS,Crimping Height,1.15,2.32,2.14
DDU00161AA,UNO MINDARIKA PVT LTD,1105GAA01211N,THAR 5DOOR (W502),DIMN - DIMENSION,center distance,23.25,2.90,2.14
DDY00005AB,YAPP INDIA AUTOMOTIVE SYSTEMS,1001AAB03771N,THAR 5DOOR (W502),RESISTANCE,FDM Indication:  Empty Stops,20,3.89,2.14
DDH00331AB,HANON AUTOMOTIVE SYSTEMS,0304ABH00881N,THAR 5DOOR (W502),DIMN - DIMENSION,Over Flow Pipe Bead Diameter,9.60,2.52,2.13
DDS01789AA,SANJYOT METAL INDUSTRIES,0101EW502990N,THAR 5DOOR (W502),POSITION,LH B PILLAR TRIM LOCATOR Hole 1 - X,2836.92,10.37,2.13
DDM00805AA,MOONLIGHT AUTO PVT LTD,2601AW500240N,THAR 5DOOR (W502),PROFILE,Pedal Lateral Play,0,3.02,2.12
DDL00022AH,LUMAX INDUSTRIES LIMITED,1701BAA01201N,THAR 5DOOR (W502),INNER DIAMETER,Inner Dia,6.6,2.50,2.11
DDL00022AH,LUMAX INDUSTRIES LIMITED,1701CW500021N,THAR 5DOOR (W502),INNER DIAMETER,Inner Dia,6.6,2.50,2.11
DDL00022AH,LUMAX INDUSTRIES LIMITED,1701CW500031N,THAR 5DOOR (W502),INNER DIAMETER,Inner Dia,6.6,2.50,2.11
DDT00446AA,TALBROS ENGINEERING LTD,0502FAA06670N,THAR 5DOOR (W502),OUTER DIAMETER,Wheel Rim Dia,65,2.66,2.11
DDY00005AB,YAPP INDIA AUTOMOTIVE SYSTEMS,1001AAB03771N,THAR 5DOOR (W502),DIMN - DIMENSION,Depth of FDM opening,176.6,3.56,2.11
DDH00079AB,HL Mando Anand  India Private Limit,1104AAA07451N,THAR 5DOOR (W502),ANGLE,Phase Angle,35,2.3,2.1
DDM00125AA,MAHABAL METALS PVT LTD,0601AAA00900N,THAR 5DOOR (W502),RUNOUT,Brake Face Runout,0,2.17,2.1
DDS01789AA,SANJYOT METAL INDUSTRIES,0101EW502980N,THAR 5DOOR (W502),POSITION,Trim Locator Slot- X,2816.99,3.62,2.1
DDM00096AC,MSL DRIVELINE SYSTEMS LIMITED,0501AAA05691N,THAR 5DOOR (W502),OUTER DIAMETER,Reverse Sleeve Yoke OD,39.9620,2.25,2.09
DDS01789AA,SANJYOT METAL INDUSTRIES,0101BW502940N,THAR 5DOOR (W502),POSITION,Nut 2- Z,856,6.68,2.09
DDM00805AA,MOONLIGHT AUTO PVT LTD,2601AW500230N,THAR 5DOOR (W502),INNER DIAMETER,Brake Switch Cavity,16,2.08,2.08
DDM00106AA,MARQUARDT INDIA PVT LTD.,1805AAA09401N,THAR 5DOOR (W502),DIMN - DIMENSION,Dimension,152.6,2.26,2.07
DDM00106AA,MARQUARDT INDIA PVT LTD.,1805AW500241N,THAR 5DOOR (W502),DIMN - DIMENSION,Diemension,152.6,2.26,2.07
DDT00446AA,TALBROS ENGINEERING LTD,0502FAA06070N,THAR 5DOOR (W502),OUTER DIAMETER,Toner Ring Dia,40.7,2.18,2.07
DDM00245AA,MSKH SEATING SYSTEMS INDIA,2401AW500691A,THAR 5DOOR (W502),EFFORRS,Height adjuster effort UP,45,2.400,2.068
DDM00245AA,MSKH SEATING SYSTEMS INDIA,2402AW500281A,THAR 5DOOR (W502),EFFORRS,Recliner lever operating force,60,2.479,2.061
DDN00085XA,NOBEL AUTOMOTIVE INDIA PVT LTD,1001BAB01251N,THAR 5DOOR (W502),OUTER DIAMETER,Diesel Filler Pipe OD,36,2.18,2.06
DDI00001AC,IAC INTERNATIONAL AUTOMOTIVE INDIA,2301FW501680N,THAR 5DOOR (W502),EFFORRS,Armrest Sliding backward,12,2.75,2.04
DDT00446AA,TALBROS ENGINEERING LTD,0502FAA06070N,THAR 5DOOR (W502),OUTER DIAMETER,Wheel rim DIa,65,2.48,2.04
DDT00065AD,TAKSHI AUTO COMPONENTS PVT LTD,0502BAA15040N,THAR 5DOOR (W502),INNER DIAMETER,Pressing ID RH side,76.80/76.93,2.713,2.037
DDM00245AA,MSKH SEATING SYSTEMS INDIA,2402AW500281A,THAR 5DOOR (W502),EFFORRS,Seat back unfolding effort 60,100,2.182,2.031
DDH00079AB,HL Mando Anand  India Private Limit,1104AAA07451N,THAR 5DOOR (W502),DIMN - DIMENSION,Keyhole Center From Outer Tube Face,75.8,2.09,2.03
DDM00001AJ,MINDA CORPORATION LIMITED,2301BW500071D,THAR 5DOOR (W502),EFFORRS,Operating Efforts-Up,2.5,2.63,2.03
DDM00245AA,MSKH SEATING SYSTEMS INDIA,2401AW500701A,THAR 5DOOR (W502),EFFORRS,Towel bar effort,30,2.168,2.026
DDJ00038AD,JBM AUTO LIMITED,0101BW502880N,THAR 5DOOR (W502),POSITION,G11.11 WELD NUT 1- X,3800.618,1.84,2.02
DDL00022AH,LUMAX INDUSTRIES LIMITED,1702BW500071V,THAR 5DOOR (W502),DIMN - DIMENSION,DIMENSION,97.7,2.87,2.02
DDL00022AH,LUMAX INDUSTRIES LIMITED,1702BW500071V,THAR 5DOOR (W502),DIMN - DIMENSION,Dimension,97.7,2.87,2.02
DDM00001AJ,MINDA CORPORATION LIMITED,2301BW500071D,THAR 5DOOR (W502),EFFORRS,Operating Efforts- Left to Right,2.5,2.64,2.02
DDH00331AA,HANON AUTOMOTIVE SYSTEMS,0304ABG00331N,THAR 5DOOR (W502),DIMN - DIMENSION,Internal Fin height,9.12,2.16,2.01
DDH00331AA,HANON AUTOMOTIVE SYSTEMS,0304ABH00931N,THAR 5DOOR (W502),DIMN - DIMENSION,Internal Fin Height,9.12,2.16,2.01
DDJ00038AD,JBM AUTO LIMITED,0102FW500040N,THAR 5DOOR (W502),PROFILE,SP2- CTQ Panel Matching Surface,0,1.84,2.01
DDS00033AG,STEEL STRIPS WHEELS LTD,0404AAA70781N,THAR 5DOOR (W502),RUNOUT,Lateral Runout - 0.3 mm,0.3,2.16,2.01
DDM00811AA,MINDA VAST ACCESS SYSTEMS,0114GW500021N,THAR 5DOOR (W502),DIMN - DIMENSION,Dimension,172.6,3.58,2.0
DDH00079AB,HL Mando Anand  India Private Limit,1104AAA07451N,THAR 5DOOR (W502),DIMN - DIMENSION,Capsule Center to Top Face,239.2,2.00,2.0
DDN00085XA,NOBEL AUTOMOTIVE INDIA PVT LTD,1001BAC00341N,THAR 5DOOR (W502),OUTER DIAMETER,Gasoline Filler Pipe OD,36,2.08,2.0
DDR00083AC,RANE MADRAS LIMITED,1101AAA03621N,THAR 5DOOR (W502),DIMN - DIMENSION,UJ MILLING CENTRE POINT,6.35,2.077,1.997
DDI00001AC,IAC INTERNATIONAL AUTOMOTIVE INDIA,2301FW501680N,THAR 5DOOR (W502),EFFORRS,Armrest Sliding forward,12,2.47,1.99
DDS01789AA,SANJYOT METAL INDUSTRIES,0101EW502980N,THAR 5DOOR (W502),POSITION,Trim Locator Sq Hole-  Z,1770.983,4.53,1.99
DDT00446AA,TALBROS ENGINEERING LTD,0502FAA06200N,THAR 5DOOR (W502),OUTER DIAMETER,Toner Ring Dia,40.70,2.15,1.99
DDU00001AV,UNO MINDA LIMITED LIGHTING,1701DW500031N,THAR 5DOOR (W502),DIMN - DIMENSION,Dimension,50,2.10,1.99
DDU00001AV,UNO MINDA LIMITED LIGHTING,1701GW500011N,THAR 5DOOR (W502),INNER DIAMETER,Dimension,50,2.10,1.99
DDA00003AA,ANANDJI HARIDAS AND-CO MPANY,0101EW503850N,THAR 5DOOR (W502),PROFILE,SP1- FUEL BOX Matching Surface,0,2.22,1.98
DDS00033AG,STEEL STRIPS WHEELS LTD,0404AAA66851N,THAR 5DOOR (W502),STATIC IMBALANCE,Static Imbalance - 500 GM.CM,500,2.02,1.97
DDJ00038AD,JBM AUTO LIMITED,0102FW500040N,THAR 5DOOR (W502),PROFILE,SP3- CTQ Panel Matching Surface,0,2.23,1.96
DDS00033AG,STEEL STRIPS WHEELS LTD,0404AAA66851N,THAR 5DOOR (W502),STATIC IMBALANCE,Static Imbalance - 30 GM,30,2.26,1.96
DDS00033AG,STEEL STRIPS WHEELS LTD,0404AAA70781N,THAR 5DOOR (W502),RUNOUT,Radial out,0.3,2.15,1.96
DDM00096AC,MSL DRIVELINE SYSTEMS LIMITED,0501AAA05691N,THAR 5DOOR (W502),INNER DIAMETER,Flange Yoke Bolt hole Diameter ID,12.6,2.16,1.95
DDM00106AA,MARQUARDT INDIA PVT LTD.,1105BAA02271N,THAR 5DOOR (W502),DIMN - DIMENSION,Length,12,2.04,1.95
DDU00161AA,UNO MINDARIKA PVT LTD,1705DW500081N,THAR 5DOOR (W502),DIMN - DIMENSION,Hole diameter,5.5,2.05,1.95
DDU00161AA,UNO MINDARIKA PVT LTD,1705DW500071N,THAR 5DOOR (W502),DIMN - DIMENSION,Gap between knob & rib,0.5,1.99,1.94
DDM00001AJ,MINDA CORPORATION LIMITED,2301BW500071D,THAR 5DOOR (W502),EFFORRS,Operating Efforts-Open,0.1,2.55,1.93
DDJ00038AD,JBM AUTO LIMITED,0102FW500030N,THAR 5DOOR (W502),PROFILE,SP1- CTQ Panel Matching Surface,0,2.01,1.92
DDT00044AB,TATA TOYO RADIATOR LTD,0702AAJ00221N,THAR 5DOOR (W502),OUTER DIAMETER,Bead OD,12.94,2.04,1.92
DDT00065AD,TAKSHI AUTO COMPONENTS PVT LTD,0502BAA13980N,THAR 5DOOR (W502),DIMN - DIMENSION,ABS face height LH,52.45 ±0.15,2.052,1.918
DDS00023AA,SENSORTEC INNOVATION INDIA,1312BW500111V,THAR 5DOOR (W502),DIMN - DIMENSION,Soldering temperature,360,1.97,1.91
DDS00033AF,STEEL STRIPS WHEELS LIMITED,0404AAA67771A,THAR 5DOOR (W502),RUNOUT,Lateral Runout - 0.3 mm,0.3,2.24,1.91
DDS00033AF,STEEL STRIPS WHEELS LIMITED,0404AAA67771N,THAR 5DOOR (W502),RUNOUT,Lateral Runout - 0.3 mm,0.3,2.24,1.91
DDT00446AA,TALBROS ENGINEERING LTD,0502FAA06200N,THAR 5DOOR (W502),OUTER DIAMETER,Bearing Dia,49,2.20,1.91
DDS00023AA,SENSORTEC INNOVATION INDIA,1312BW500061N,THAR 5DOOR (W502),DIMN - DIMENSION,Dimension,23,1.97,1.9
DDS00023AA,SENSORTEC INNOVATION INDIA,1312BW500111V,THAR 5DOOR (W502),DIMN - DIMENSION,Dimension,23,2,1.9
DDS00023AA,SENSORTEC INNOVATION INDIA,1312BW500111A,THAR 5DOOR (W502),DIMN - DIMENSION,Dimension,23,1.93,1.89
DDA00039AC,ALF ENGINEERING PVT LTD,0101BW502800N,THAR 5DOOR (W502),POSITION,BODY MTG R4- Z,713.65,2.49,1.88
DDM00001AJ,MINDA CORPORATION LIMITED,2301BW500071D,THAR 5DOOR (W502),EFFORRS,Operating Efforts-Right to Left,2.5,2.53,1.88
DDS00033AG,STEEL STRIPS WHEELS LTD,0404AAA70781N,THAR 5DOOR (W502),STATIC IMBALANCE,Static Imbalance - 750 GM.CM,750,2.01,1.88
DDS00033AG,STEEL STRIPS WHEELS LTD,0404AAA70781N,THAR 5DOOR (W502),STATIC IMBALANCE,Static Imbalance - 750 GM.CM,750,2.01,1.88
DDM00106AA,MARQUARDT INDIA PVT LTD.,1105BAA02271N,THAR 5DOOR (W502),DIMN - DIMENSION,CD,34,2.07,1.87
DDU00161AA,UNO MINDARIKA PVT LTD,1203HW500051N,THAR 5DOOR (W502),DIMN - DIMENSION,Lock rib distance to wall,20,1.93,1.87
DDL00022AH,LUMAX INDUSTRIES LIMITED,1701BAA01191N,THAR 5DOOR (W502),INNER DIAMETER,Dimension,10,2.10,1.86
DDL00022AH,LUMAX INDUSTRIES LIMITED,1701BAA01201N,THAR 5DOOR (W502),INNER DIAMETER,Dimension,10,2.10,1.86
DDL00022AH,LUMAX INDUSTRIES LIMITED,1701BAA01201N,THAR 5DOOR (W502),INNER DIAMETER,Inner Dia,10,2.10,1.86
DDL00022AH,LUMAX INDUSTRIES LIMITED,1701BAA01201N,THAR 5DOOR (W502),INNER DIAMETER,Inner Dia,10.1,2.10,1.86
DDS00033AG,STEEL STRIPS WHEELS LTD,0404AAA66851N,THAR 5DOOR (W502),RUNOUT,Radial Runout - 0.3 mm,0.3,1.93,1.86
DDM00245AA,MSKH SEATING SYSTEMS INDIA,2401AW500701A,THAR 5DOOR (W502),EFFORRS,Headrest bezel lock knob operating effort,20,2.648,1.859
DDA00267AA,AAM AUTO COMPONENT (INDIA),0502EUA00201N,THAR 5DOOR (W502),OUTER DIAMETER,MOTOR END BEARING OD,45.726,1.97,1.85
DDM00125AA,MAHABAL METALS PVT LTD,0601AAA00900N,THAR 5DOOR (W502),THICKNESS,Hat Thickness,7,2.01,1.85
DDM00245AA,MSKH SEATING SYSTEMS INDIA,2401AW500701A,THAR 5DOOR (W502),EFFORRS,HR operating effort DOWN,30,2.446,1.845
DDM00245AA,MSKH SEATING SYSTEMS INDIA,2401AW500691A,THAR 5DOOR (W502),EFFORRS,HR operating effort UP,50,3.291,1.833
DDA00003AA,ANANDJI HARIDAS AND-CO MPANY,0101EW503850N,THAR 5DOOR (W502),POSITION,FUEL BOX MTG 1- X,4133.283,2.01,1.83
DDA00003AA,ANANDJI HARIDAS AND-CO MPANY,0101EW503850N,THAR 5DOOR (W502),PROFILE,SP2- FUEL BOX Matching Surface,0,2.17,1.83
DDE00070AA,ESSAE GEARS AND TRANSMISSIONS,0502BAA14010N,THAR 5DOOR (W502),OUTER DIAMETER,Spigot OD,56.97,2.86,1.83
DDH00331AA,HANON AUTOMOTIVE SYSTEMS,0304ABG00331N,THAR 5DOOR (W502),DIMN - DIMENSION,Inlet Spout OD1,0,1.90,1.83
DDI00001AC,IAC INTERNATIONAL AUTOMOTIVE INDIA,2301FW501680N,THAR 5DOOR (W502),EFFORRS,Armrest Closing Effort,12,1.92,1.83
DDM00001AJ,MINDA CORPORATION LIMITED,2301BW500071D,THAR 5DOOR (W502),EFFORRS,Operating Efforts-Close,0.1,2.62,1.83
DDA00039AC,ALF ENGINEERING PVT LTD,0101BW503990N,THAR 5DOOR (W502),POSITION,Seat Locator 1- Y,-190.996,2.16,1.82
DDS00186AB,SKF INDIA LIMITED,0502EAA09561N,THAR 5DOOR (W502),OUTER DIAMETER,Outer Diameter,82.956,1.99,1.82
DDM00245AA,MSKH SEATING SYSTEMS INDIA,2401AW500701A,THAR 5DOOR (W502),EFFORRS,Recliner lever operating force,40,2.239,1.818
DDT00065AD,TAKSHI AUTO COMPONENTS PVT LTD,0502BAA15040N,THAR 5DOOR (W502),INNER DIAMETER,Pressing ID LH side,76.80/76.93,2.201,1.816
DDS00023AA,SENSORTEC INNOVATION INDIA,1312AW500041N,THAR 5DOOR (W502),DIMN - DIMENSION,Dimension,3.3,2.15,1.81
DDS00033AG,STEEL STRIPS WHEELS LTD,0404AAA66851N,THAR 5DOOR (W502),RUNOUT,Lateral Runout - 0.3 mm,0.3,2.01,1.81
DDS00033AG,STEEL STRIPS WHEELS LTD,0404AAA70781N,THAR 5DOOR (W502),DYNAMIC IMBALANCE,Dynamic Imbalance - 30 GM,30,1.96,1.81
DDM00245AA,MSKH SEATING SYSTEMS INDIA,2401AW500691A,THAR 5DOOR (W502),EFFORRS,Height adjuster effort DOWN,50,3.525,1.803
DDJ00038AD,JBM AUTO LIMITED,0102FW500030N,THAR 5DOOR (W502),PROFILE,SP2- CTQ Panel Matching Surface,0,1.72,1.8
DDS00023AA,SENSORTEC INNOVATION INDIA,1312BW500071N,THAR 5DOOR (W502),DIMN - DIMENSION,Dimension,3.3,2.15,1.8
DDS00023AA,SENSORTEC INNOVATION INDIA,1312BW500081N,THAR 5DOOR (W502),DIMN - DIMENSION,Dimension,3.3,2.15,1.8
DDS00033AG,STEEL STRIPS WHEELS LTD,0404AAA70781N,THAR 5DOOR (W502),RUNOUT,Radial out,0.3,1.99,1.8
DDS00033AF,STEEL STRIPS WHEELS LIMITED,0404AAA67771A,THAR 5DOOR (W502),RUNOUT,Radial Runout - 0.3 mm,0.3,2.33,1.79
DDS00033AF,STEEL STRIPS WHEELS LIMITED,0404AAA67771N,THAR 5DOOR (W502),RUNOUT,Radial Runout,0.3,2.33,1.79
DDM00245AA,MSKH SEATING SYSTEMS INDIA,2402AW500281A,THAR 5DOOR (W502),EFFORRS,HR operating effort UP,50,3.221,1.789
DDR00083AC,RANE MADRAS LIMITED,1101AAA03621N,THAR 5DOOR (W502),OUTER DIAMETER,PINION SERRATION MAJOR DIA,16.65,1.829,1.788
DDM00245AA,MSKH SEATING SYSTEMS INDIA,2401AW500691A,THAR 5DOOR (W502),EFFORRS,Headrest bezel lock knob operating effort,20,2.493,1.787
DDM00245AA,MSKH SEATING SYSTEMS INDIA,2402AW500281A,THAR 5DOOR (W502),EFFORRS,Headrest bezel lock knob operating effort,20,2.488,1.787
DDS00023AA,SENSORTEC INNOVATION INDIA,1312AW500051N,THAR 5DOOR (W502),DIMN - DIMENSION,Dimension,3.3,2.15,1.78
DDT00446AA,TALBROS ENGINEERING LTD,0502FAA06670N,THAR 5DOOR (W502),OUTER DIAMETER,Bearing OD,49.018,1.91,1.78
DDT00446AA,TALBROS ENGINEERING LTD,0502FAA06670N,THAR 5DOOR (W502),OUTER DIAMETER,Tonner Ring Dia,40.70,1.78,1.78
DDJ00038AD,JBM AUTO LIMITED,0102FW500040N,THAR 5DOOR (W502),PROFILE,SP1- CTQ Panel Matching Surface,0,1.95,1.77
DDM00125AA,MAHABAL METALS PVT LTD,0601AAA00720N,THAR 5DOOR (W502),THICKNESS,Hat Face Thickness,12,1.81,1.77
DDS00033AG,STEEL STRIPS WHEELS LTD,0404AAA70781N,THAR 5DOOR (W502),DYNAMIC IMBALANCE,Dynamic Imbalance - 30 GM,30,1.86,1.77
DDS00033AG,STEEL STRIPS WHEELS LTD,0404AAA70781N,THAR 5DOOR (W502),RUNOUT,Lateral Runout - 0.3 mm,0.3,1.92,1.77
DDA00003AA,ANANDJI HARIDAS AND-CO MPANY,0101EW504250N,THAR 5DOOR (W502),GAP / FLUSH,Flush1-Fuel Lid Periphery,0,2.08,1.76
DDE00070AA,ESSAE GEARS AND TRANSMISSIONS,0502BAA14010N,THAR 5DOOR (W502),OUTER DIAMETER,Oil Seal OD 46.6,46.6,1.94,1.76
DDJ00038AD,JBM AUTO LIMITED,0102FW500030N,THAR 5DOOR (W502),PROFILE,SP4- CTQ Panel Matching Surface,0,1.84,1.76
DDM00125AA,MAHABAL METALS PVT LTD,0601AAA00720N,THAR 5DOOR (W502),RUNOUT,Top Brake Face Runout,0,1.85,1.76
DDN00013AA,NEW MELTING CENTRE,0601AAA00890N,THAR 5DOOR (W502),THICKNESS,Hat Thickness,7,1.78,1.76
DDU00161AA,UNO MINDARIKA PVT LTD,1705DW500121N,THAR 5DOOR (W502),DIMN - DIMENSION,Slot Dimension,5.5,1.99,1.76
DDM00245AA,MSKH SEATING SYSTEMS INDIA,2401AW500691A,THAR 5DOOR (W502),EFFORRS,Recliner lever operating force,40,2.276,1.759
DDY00005AB,YAPP INDIA AUTOMOTIVE SYSTEMS,1001AAC00911N,THAR 5DOOR (W502),THICKNESS,Top side,2.5,5.41,1.75
DDA00039AC,ALF ENGINEERING PVT LTD,0101BW502800N,THAR 5DOOR (W502),POSITION,Fascia Bumper RR 4 Way Locator- Z,738.002,3.23,1.74
DDT00446AA,TALBROS ENGINEERING LTD,0502FAA06070N,THAR 5DOOR (W502),OUTER DIAMETER,Bearing Dia,49,1.93,1.74
DDM00245AA,MSKH SEATING SYSTEMS INDIA,2401AW500701A,THAR 5DOOR (W502),EFFORRS,HR operating effort UP,50,3.204,1.732
DDA00039AC,ALF ENGINEERING PVT LTD,0101BW502800N,THAR 5DOOR (W502),POSITION,BKT REINF BMPR REAR LOCATOR Slot 1- Z,738,2.77,1.73
DDJ00038AD,JBM AUTO LIMITED,0101BW502880N,THAR 5DOOR (W502),POSITION,G11.11 WELD NUT 2- X,3800.618,2.20,1.73
DDJ00038AD,JBM AUTO LIMITED,0102FW500040N,THAR 5DOOR (W502),POSITION,HEADLAMP LOCATOR 1- Y,1246.22,1.74,1.73
DDL00022AH,LUMAX INDUSTRIES LIMITED,1701CW500021N,THAR 5DOOR (W502),INNER DIAMETER,Dimension,10,1.95,1.73
DDL00022AH,LUMAX INDUSTRIES LIMITED,1701CW500021N,THAR 5DOOR (W502),INNER DIAMETER,Inner Dia,10,1.95,1.73
DDL00022AH,LUMAX INDUSTRIES LIMITED,1701CW500021N,THAR 5DOOR (W502),INNER DIAMETER,Inner Dia,10,1.95,1.73
DDL00022AH,LUMAX INDUSTRIES LIMITED,1701CW500021N,THAR 5DOOR (W502),INNER DIAMETER,Inner Dia,10.1,1.95,1.73
DDL00022AH,LUMAX INDUSTRIES LIMITED,1701CW500021N,THAR 5DOOR (W502),INNER DIAMETER,Inner Dia,10.1,1.95,1.73
DDL00022AH,LUMAX INDUSTRIES LIMITED,1701CW500031N,THAR 5DOOR (W502),INNER DIAMETER,Dimension,10,1.95,1.73
DDL00022AH,LUMAX INDUSTRIES LIMITED,1701CW500031N,THAR 5DOOR (W502),INNER DIAMETER,Inner Dia,10.1,1.95,1.73
DDM00096AC,MSL DRIVELINE SYSTEMS LIMITED,0501AAA05691N,THAR 5DOOR (W502),INNER DIAMETER,Flange Yoke Recess Diameter ID,57.02,2.75,1.73
DDM00805AA,MOONLIGHT AUTO PVT LTD,2601AW500240N,THAR 5DOOR (W502),INNER DIAMETER,Clevis pin hole ID,10.05,1.93,1.73
DDY00005AB,YAPP INDIA AUTOMOTIVE SYSTEMS,1001AAB03771N,THAR 5DOOR (W502),THICKNESS,Top side,2.5,5.39,1.73
DDR00083AC,RANE MADRAS LIMITED,1101AAA03621N,THAR 5DOOR (W502),DIMN - DIMENSION,FLAT MILLING CENTRE POINT,6.9,1.831,1.73
DDH00331AB,HANON AUTOMOTIVE SYSTEMS,0304ABH00881N,THAR 5DOOR (W502),DIMN - DIMENSION,Crimp Height,8.5,1.74,1.72
DDS00238AA,SIDDHI FORGE PRIVATE LIMITED,0502BAA15620N004,THAR 5DOOR (W502),OUTER DIAMETER,Grinding OD 31,31.480/31.493,2.07,1.72
DDT00446AA,TALBROS ENGINEERING LTD,0502FAA06660N,THAR 5DOOR (W502),OUTER DIAMETER,Bearing OD,49.018,1.95,1.72
DDL00022AH,LUMAX INDUSTRIES LIMITED,1701AW500091N,THAR 5DOOR (W502),INNER DIAMETER,Dimension,9,1.90,1.71
DDL00022AH,LUMAX INDUSTRIES LIMITED,1701AW500111N,THAR 5DOOR (W502),INNER DIAMETER,DImension,9,1.87,1.71
DDL00022AH,LUMAX INDUSTRIES LIMITED,1701AW500121N,THAR 5DOOR (W502),INNER DIAMETER,Dimension,9,1.87,1.71
DDM00001AJ,MINDA CORPORATION LIMITED,2301BW500071D,THAR 5DOOR (W502),TEMP,Knob Hot Stamping Temp,280,1.73,1.71
DDM00125AA,MAHABAL METALS PVT LTD,0601AAA00720N,THAR 5DOOR (W502),RUNOUT,Bottom Face Runout,0,1.76,1.71
DDS00238AA,SIDDHI FORGE PRIVATE LIMITED,0502BAA15610N004,THAR 5DOOR (W502),INNER DIAMETER,Gear Mounting ID,140.894/140.914,1.75,1.71
DDS00238AA,SIDDHI FORGE PRIVATE LIMITED,0502BAA15620N004,THAR 5DOOR (W502),OUTER DIAMETER,Grinding OD 35,35.401/35.414,1.82,1.71
DDR00083AC,RANE MADRAS LIMITED,1101AAA03621N,THAR 5DOOR (W502),DIMN - DIMENSION,MILLING LENGTH,25,1.855,1.7
DDH00079AB,HL Mando Anand  India Private Limit,1104AAA07451N,THAR 5DOOR (W502),OTHER,Collapse Stroke,90,        ,1.7
DDJ00038AD,JBM AUTO LIMITED,0101BW502880N,THAR 5DOOR (W502),POSITION,G11.11 WELD NUT 1- Y,147.883,1.68,1.7
DDJ00038AD,JBM AUTO LIMITED,0101BW502880N,THAR 5DOOR (W502),POSITION,G11.11 WELD NUT 2- Y,-147.883,1.84,1.7
DDJ00038AD,JBM AUTO LIMITED,0102FW500030N,THAR 5DOOR (W502),POSITION,HEADLAMP LOCATOR 1- Y,383.78,1.74,1.7
DDA00003AA,ANANDJI HARIDAS AND-CO MPANY,0101EW504250N,THAR 5DOOR (W502),PROFILE,SP2-Fuel Lid Periphery,0,2.05,1.69
DDA00267AA,AAM AUTO COMPONENT (INDIA),0502EUA00201N,THAR 5DOOR (W502),OUTER DIAMETER,SPIGOT OD 141,141.268,3.08,1.69
DDJ00038AD,JBM AUTO LIMITED,0101BW502880N,THAR 5DOOR (W502),POSITION,G11.11 WELD NUT 1- Z,785.5,1.92,1.69
DDJ00038AD,JBM AUTO LIMITED,0101EW503580N,THAR 5DOOR (W502),POSITION,Trim Locator Nut- X,2012.131,2.46,1.69
DDJ00038AD,JBM AUTO LIMITED,0101EW503580N,THAR 5DOOR (W502),POSITION,Trim Locator Nut- Y,-721.703,2.25,1.69
DDJ00038AD,JBM AUTO LIMITED,0102FW500040N,THAR 5DOOR (W502),POSITION,HEADLAMP LOCATOR 1- X,655.995,1.67,1.69
DDL00022AH,LUMAX INDUSTRIES LIMITED,1701AW500101N,THAR 5DOOR (W502),INNER DIAMETER,Dimension,9,1.90,1.69
DDM00125AA,MAHABAL METALS PVT LTD,0601AAA00720N,THAR 5DOOR (W502),INNER DIAMETER,Hub Bore ID,68.065,1.71,1.69
DDN00013AA,NEW MELTING CENTRE,0601AAA00890N,THAR 5DOOR (W502),THICKNESS,Disc thickness,20,1.70,1.69
DDT00446AA,TALBROS ENGINEERING LTD,0502FAA06660N,THAR 5DOOR (W502),OUTER DIAMETER,Tonner Ring Dia,40.70,1.69,1.69
DDT00065AD,TAKSHI AUTO COMPONENTS PVT LTD,0502BAA13980N,THAR 5DOOR (W502),INNER DIAMETER,Pressing ID RH side,76.80/76.93,2.269,1.69
DDA00039AC,ALF ENGINEERING PVT LTD,0101BW502800N,THAR 5DOOR (W502),POSITION,BODY MTG L4- Z,713.65,2.25,1.68
DDJ00038AD,JBM AUTO LIMITED,0101EW503580N,THAR 5DOOR (W502),POSITION,Trim Locator Nut- Z,1636.334,1.91,1.68
DDJ00038AD,JBM AUTO LIMITED,0102FW500040N,THAR 5DOOR (W502),POSITION,HEADLAMP LOCATOR 1- Z,1007.494,1.67,1.68
DDJ00038AD,JBM AUTO LIMITED,0102FW500040N,THAR 5DOOR (W502),PROFILE,SP4- CTQ Panel Matching Surface,0,1.88,1.68
DDT00065AD,TAKSHI AUTO COMPONENTS PVT LTD,0502BAA13980N,THAR 5DOOR (W502),INNER DIAMETER,Pressing ID LH side,76.80/76.93,2.064,1.676
DDA00039AC,ALF ENGINEERING PVT LTD,0101BW503980N,THAR 5DOOR (W502),POSITION,Seat Locator 1- X,2446.737,1.87,1.67
DDE00070AA,ESSAE GEARS AND TRANSMISSIONS,0502BAA14010N,THAR 5DOOR (W502),DIMN - DIMENSION,Step Length,5.85,1.88,1.67
DDJ00038AD,JBM AUTO LIMITED,0101EW503570N,THAR 5DOOR (W502),POSITION,Trim Locator Nut- X,2012.131,1.72,1.67
DDJ00038AD,JBM AUTO LIMITED,0101EW503570N,THAR 5DOOR (W502),POSITION,Trim Locator Nut- Y,721.703,1.94,1.67
DDJ00038AD,JBM AUTO LIMITED,0101EW503570N,THAR 5DOOR (W502),POSITION,Trim Locator Nut- Z,1636.334,2.03,1.67
DDJ00038AD,JBM AUTO LIMITED,0102FW500030N,THAR 5DOOR (W502),POSITION,HEADLAMP LOCATOR 1- X,655.995,3.02,1.67
DDJ00038AD,JBM AUTO LIMITED,0102FW500030N,THAR 5DOOR (W502),POSITION,HEADLAMP LOCATOR 1- Z,1007.494,3.32,1.67
DDM00125AA,MAHABAL METALS PVT LTD,0601AAA00900N,THAR 5DOOR (W502),THICKNESS,Brake Face Thickness,16,1.74,1.67
DDS00186AB,SKF INDIA LIMITED,0502LAA00551N,THAR 5DOOR (W502),OUTER DIAMETER,Outer Diameter,84,2.58,1.67
DDS00238AA,SIDDHI FORGE PRIVATE LIMITED,0502BAA15620N004,THAR 5DOOR (W502),OUTER DIAMETER,Grinding OD 41,41.676/41.689,1.91,1.67
DDS01789AA,SANJYOT METAL INDUSTRIES,0102AW502370N,THAR 5DOOR (W502),POSITION,Slot 1 - GRILL 2 WAY LOCATOR-X,0,4.08,1.67
DDN00013AA,NEW MELTING CENTRE,0601AAA00890N,THAR 5DOOR (W502),RUNOUT,Top Brake Face Runout,0,1.85,1.64
DDA00003AA,ANANDJI HARIDAS AND-CO MPANY,0101EW503850N,THAR 5DOOR (W502),POSITION,FUEL BOX MTG 1- Z,1171.055,2.07,1.63
DDA00003AA,ANANDJI HARIDAS AND-CO MPANY,0101EW504250N,THAR 5DOOR (W502),PROFILE,SP1-Fuel Lid Periphery,0,1.98,1.63
DDA00003AA,ANANDJI HARIDAS AND-CO MPANY,0101EW504250N,THAR 5DOOR (W502),GAP / FLUSH,Flush2-Fuel Lid Periphery,0,2.01,1.62
DDS00186AB,SKF INDIA LIMITED,0502BAA13621N,THAR 5DOOR (W502),INNER DIAMETER,Bore Diameter,34.938,1.66,1.6
DDM00043AC,MUNGI ENGINEERS PVT LTD,0101DW501120N,THAR 5DOOR (W502),PROFILE,SP 1- Matching Surface Heming Flange,0,2.24,1.58
DDA00003AA,ANANDJI HARIDAS AND-CO MPANY,0101EW503850N,THAR 5DOOR (W502),POSITION,FUEL BOX MTG 1- Y,-776.339,2.02,1.57
DDA00003AA,ANANDJI HARIDAS AND-CO MPANY,0101EW503850N,THAR 5DOOR (W502),PROFILE,SP3- FUEL BOX Matching Surface,0,1.75,1.57
DDC00070AG,CIE AUTOMOTIVE INDIA LIMITED,0101EW503950N,THAR 5DOOR (W502),POSITION,CTQ Hole 2- Y,789.597,2.947,1.568
DDA00003AA,ANANDJI HARIDAS AND-CO MPANY,0101EW503850N,THAR 5DOOR (W502),POSITION,FUEL BOX MTG 2- X,4135.124,1.62,1.56
DDA00003AA,ANANDJI HARIDAS AND-CO MPANY,0101EW503850N,THAR 5DOOR (W502),POSITION,FUEL BOX MTG 2- Y,-772.214,2.02,1.56
DDA00003AA,ANANDJI HARIDAS AND-CO MPANY,0101EW504250N,THAR 5DOOR (W502),PROFILE,SP3-Fuel Lid Periphery,0,2.77,1.55
DDA00039AC,ALF ENGINEERING PVT LTD,0101BW502800N,THAR 5DOOR (W502),POSITION,BKT REINF BMPR REAR LOCATOR Slot 2- X,4482.3,2.72,1.55
DDA00003AA,ANANDJI HARIDAS AND-CO MPANY,0101EW503850N,THAR 5DOOR (W502),POSITION,FUEL BOX MTG 2- Z,1121.014,1.86,1.54
DDS00186AB,SKF INDIA LIMITED,0502EAA09561N,THAR 5DOOR (W502),INNER DIAMETER,Bore Diameter,45.631,1.58,1.54
DDS00186AB,SKF INDIA LIMITED,0502BAA13631N,THAR 5DOOR (W502),INNER DIAMETER,Bore Diameter,41.288,1.57,1.53
DDS01789AA,SANJYOT METAL INDUSTRIES,0101EW503620N,THAR 5DOOR (W502),POSITION,Trim C Locator Hole - X,4445.048,4.12,1.53
DDS01789AA,SANJYOT METAL INDUSTRIES,0101BW502520N,THAR 5DOOR (W502),POSITION,B PILLAR TRIM  LOCATOR Slot - X,2751,5.04,1.52
DDM00106AA,MARQUARDT INDIA PVT LTD.,1805AAA09401N,THAR 5DOOR (W502),DIMN - DIMENSION,Dimension,6.5,1.57,1.51
DDM00106AA,MARQUARDT INDIA PVT LTD.,1805AW500241N,THAR 5DOOR (W502),DIMN - DIMENSION,dimension,6.5,1.57,1.51
DDA00003AA,ANANDJI HARIDAS AND-CO MPANY,0101EW504250N,THAR 5DOOR (W502),GAP / FLUSH,Flush4-Fuel Lid Periphery,0,2.20,1.5
DDA00003AA,ANANDJI HARIDAS AND-CO MPANY,0101EW504250N,THAR 5DOOR (W502),PROFILE,SP4-Fuel Lid Periphery,0,2.08,1.5
DDM00043AC,MUNGI ENGINEERS PVT LTD,0101DW501120N,THAR 5DOOR (W502),PROFILE,SP2- Matching Surface Heming Flange,0,1.94,1.49
DDA00039AC,ALF ENGINEERING PVT LTD,0101BW502800N,THAR 5DOOR (W502),POSITION,Fascia Bumper RR 4 Way Locator- X,4482.3,1.93,1.48
DDD00009AA,DANA ANAND INDIA,0501AAA05881N,THAR 5DOOR (W502),PART WEIGHT,Grease Quantity,1.34,1.5,1.47
DDN00013AA,NEW MELTING CENTRE,0601AAA00890N,THAR 5DOOR (W502),RUNOUT,Bottom Brake Face Runout,0,1.65,1.46
DDS00186AB,SKF INDIA LIMITED,0502LAA00551N,THAR 5DOOR (W502),INNER DIAMETER,Bore Diameter,49,1.71,1.44
DDS01789AA,SANJYOT METAL INDUSTRIES,0101EW503620N,THAR 5DOOR (W502),POSITION,Trim C Locator Hole - Z,1522.973,5.33,1.44
DDA00003AA,ANANDJI HARIDAS AND-CO MPANY,0101EW504250N,THAR 5DOOR (W502),GAP / FLUSH,Flush3-Fuel Lid Periphery,0,2.06,1.43
DDA00039AC,ALF ENGINEERING PVT LTD,0101BW503990N,THAR 5DOOR (W502),POSITION,Seat Locator 2- X,2446.73,2.17,1.43
DDA00267AA,AAM AUTO COMPONENT (INDIA),0502EUA00201N,THAR 5DOOR (W502),OUTER DIAMETER,FLANGE END BEARING OD,45.726,1.62,1.41
DDS01789AA,SANJYOT METAL INDUSTRIES,0101BW502560N,THAR 5DOOR (W502),POSITION,B-Pillar Trim Locator Slot - X,2751,3.32,1.36
DDN00013AA,NEW MELTING CENTRE,0601AAA00890N,THAR 5DOOR (W502),THICKNESS,DTV Brake Face,0,1.55,1.33
DDS01789AA,SANJYOT METAL INDUSTRIES,0101EW502990N,THAR 5DOOR (W502),POSITION,LH B PILLAR TRIM LOCATOR Hole 1 - Z,1770.983,4.59,1.33
DDS01789AA,SANJYOT METAL INDUSTRIES,0101BW503060N,THAR 5DOOR (W502),POSITION,Body MTG Hole 1-Z,596.101,3.40,1.32
DDS01789AA,SANJYOT METAL INDUSTRIES,0101EW503620N,THAR 5DOOR (W502),POSITION,RTQ Locator - X,4430.871,3.86,1.31
DDM00043AC,MUNGI ENGINEERS PVT LTD,0101DW501120N,THAR 5DOOR (W502),PROFILE,SP3- Matching Surface Heming Flange,0,1.85,1.3
DDS01789AA,SANJYOT METAL INDUSTRIES,0101EW503620N,THAR 5DOOR (W502),POSITION,RTQ Locator - Z,1268,3.52,1.25
DDM00043AC,MUNGI ENGINEERS PVT LTD,0101DW501120N,THAR 5DOOR (W502),PROFILE,SP4- Matching Surface Heming Flange,0,2.30,1.22
DDS01789AA,SANJYOT METAL INDUSTRIES,0101BW502940N,THAR 5DOOR (W502),POSITION,Nut 1- Z,856,5.13,1.2
DDQ00009AB,QH TALBROS PRIVATE LIMITED,0401EBB01441N,THAR 5DOOR (W502),TORQUE,Rotational Torque -0.3 to 2.5 N..M,1.4,1.25,1.18
DDQ00009AB,QH TALBROS PRIVATE LIMITED,0401EBB01441N,THAR 5DOOR (W502),TORQUE,Rotational Torque 0.3 to 2.5 N.M,1.4,1.25,1.18
DDS01789AA,SANJYOT METAL INDUSTRIES,0101EW503620N,THAR 5DOOR (W502),POSITION,Trim C Locator Hole - Y,-519.420,3.93,1.15
DDA00039AC,ALF ENGINEERING PVT LTD,0101BW503980N,THAR 5DOOR (W502),POSITION,Seat Locator 1- Z,738.384,4.44,1.1
DDS01789AA,SANJYOT METAL INDUSTRIES,0101EW502980N,THAR 5DOOR (W502),POSITION,Trim Locator Sq Hole - Y,691.485,3.99,1.1
DDS01789AA,SANJYOT METAL INDUSTRIES,0101EW503760N,THAR 5DOOR (W502),PROFILE,SP1- MATING WITH PANEL HINGE TAILGATE TOP RH,0,2.84,1.08
DDC00070AG,CIE AUTOMOTIVE INDIA LIMITED,0101EW503950N,THAR 5DOOR (W502),POSITION,CTQ Hole 1- Y,789.597,1.579,1.079
DDC00070AG,CIE AUTOMOTIVE INDIA LIMITED,0101EW503950N,THAR 5DOOR (W502),POSITION,CTQ Hole 1- X,1848.395,1.068,1.068
DDS01789AA,SANJYOT METAL INDUSTRIES,0101EW503750N,THAR 5DOOR (W502),PROFILE,SP3- MATING WITH PANEL HINGE TAILGATE TOP RH,0,2.59,0.99
DDC00070AG,CIE AUTOMOTIVE INDIA LIMITED,0101EW503950N,THAR 5DOOR (W502),POSITION,SP4- Matching Surface Panel,0,1.419,0.987
DDS01789AA,SANJYOT METAL INDUSTRIES,0101BW502940N,THAR 5DOOR (W502),POSITION,Nut 1- X,3800.618,4.38,0.98
DDS01789AA,SANJYOT METAL INDUSTRIES,0101BW502940N,THAR 5DOOR (W502),POSITION,Nut 2- X,3800.618,2.90,0.98
DDS01789AA,SANJYOT METAL INDUSTRIES,0101EW503760N,THAR 5DOOR (W502),PROFILE,SP3- MATING WITH PANEL HINGE TAILGATE TOP RH,0,3.54,0.95
DDS01789AA,SANJYOT METAL INDUSTRIES,0101EW503620N,THAR 5DOOR (W502),POSITION,RTQ Locator - Y,-518.634,3.55,0.91
DDS01789AA,SANJYOT METAL INDUSTRIES,0101EW503750N,THAR 5DOOR (W502),PROFILE,SP4- MATING WITH PANEL HINGE TAILGATE TOP RH,0,3.10,0.9
DDC00070AG,CIE AUTOMOTIVE INDIA LIMITED,0101EW503950N,THAR 5DOOR (W502),PROFILE,SP2- Matching Surface Panel,0,0.913,0.899
DDA00039AC,ALF ENGINEERING PVT LTD,0101BW503990N,THAR 5DOOR (W502),POSITION,Seat Locator 2- Z,738.274,2.11,0.87
DDC00070AG,CIE AUTOMOTIVE INDIA LIMITED,0101EW503960N,THAR 5DOOR (W502),POSITION,CTQ Hole 2- Z,1135.5,1.256,0.859
DDS01789AA,SANJYOT METAL INDUSTRIES,0101BW503060N,THAR 5DOOR (W502),POSITION,Body MTG Hole 2-X,3102.313,2.76,0.81
DDM00043AC,MUNGI ENGINEERS PVT LTD,0101DW501120N,THAR 5DOOR (W502),POSITION,Sunroof locator 2- X,3244.844,1.80,0.8
DDS01789AA,SANJYOT METAL INDUSTRIES,0101BW503060N,THAR 5DOOR (W502),POSITION,Body MTG Hole 2-Z,596.101,2.33,0.8
DDS01789AA,SANJYOT METAL INDUSTRIES,0101EW503760N,THAR 5DOOR (W502),PROFILE,SP4- MATING WITH PANEL HINGE TAILGATE TOP RH,0,3.61,0.8
DDC00070AG,CIE AUTOMOTIVE INDIA LIMITED,0101EW503950N,THAR 5DOOR (W502),POSITION,CTQ Hole 2- X,1848.395,1.542,0.79
DDS01789AA,SANJYOT METAL INDUSTRIES,0101EW503760N,THAR 5DOOR (W502),PROFILE,SP2- MATING WITH PANEL HINGE TAILGATE TOP RH,0,3.35,0.78
DDC00070AG,CIE AUTOMOTIVE INDIA LIMITED,0101EW503960N,THAR 5DOOR (W502),POSITION,CTQ Hole 2- Y,-789.597,0.928,0.75
DDS01789AA,SANJYOT METAL INDUSTRIES,0101EW502980N,THAR 5DOOR (W502),POSITION,Trim Locator Slot- Y,724.681,3.48,0.75
DDC00070AG,CIE AUTOMOTIVE INDIA LIMITED,0101EW503960N,THAR 5DOOR (W502),POSITION,CTQ Hole 2- X,1848.395,1.245,0.743
DDC00070AG,CIE AUTOMOTIVE INDIA LIMITED,0101EW503950N,THAR 5DOOR (W502),PROFILE,SP3- Matching Surface Panel,0,1.010,0.73
DDS01789AA,SANJYOT METAL INDUSTRIES,0101BW503060N,THAR 5DOOR (W502),POSITION,Body MTG Hole 1-Y,640,2.51,0.71
DDM00043AC,MUNGI ENGINEERS PVT LTD,0101DW501120N,THAR 5DOOR (W502),POSITION,Sunroof locator 1- Y,526.456,1.78,0.66
DDS01789AA,SANJYOT METAL INDUSTRIES,0101BW503060N,THAR 5DOOR (W502),POSITION,Body MTG Hole 1-X,3102.313,1.60,0.63
DDS01789AA,SANJYOT METAL INDUSTRIES,0101EW503750N,THAR 5DOOR (W502),PROFILE,SP1- MATING WITH PANEL HINGE TAILGATE TOP RH,0,2.49,0.63
DDA00039AC,ALF ENGINEERING PVT LTD,0101BW503990N,THAR 5DOOR (W502),POSITION,Seat Locator 1- Z,738.384,4.77,0.6
DDC00070AG,CIE AUTOMOTIVE INDIA LIMITED,0101EW503950N,THAR 5DOOR (W502),POSITION,SP4- Matching Surface Panel,0,1.311,0.56
DDS01789AA,SANJYOT METAL INDUSTRIES,0101EW502990N,THAR 5DOOR (W502),POSITION,LH B PILLAR TRIM LOCATOR Hole 2 - Y,-724.681,1.86,0.55
DDS01789AA,SANJYOT METAL INDUSTRIES,0101BW502940N,THAR 5DOOR (W502),POSITION,Nut 2- Y,-419.5,2.94,0.53
DDS01789AA,SANJYOT METAL INDUSTRIES,0101EW502990N,THAR 5DOOR (W502),POSITION,LH B PILLAR TRIM LOCATOR Hole 1 - Y,-691.485,1.76,0.52
DDS01789AA,SANJYOT METAL INDUSTRIES,0101BW503060N,THAR 5DOOR (W502),POSITION,Body MTG Hole 2-Y,-640,1.75,0.47
DDC00070AG,CIE AUTOMOTIVE INDIA LIMITED,0101EW503950N,THAR 5DOOR (W502),POSITION,CTQ Hole 2- Z,1135.5,1.634,0.437
DDC00070AG,CIE AUTOMOTIVE INDIA LIMITED,0101EW503960N,THAR 5DOOR (W502),POSITION,CTQ Hole 1- Z,766.5,1.094,0.432
DDM00043AC,MUNGI ENGINEERS PVT LTD,0101DW501120N,THAR 5DOOR (W502),POSITION,Sunroof locator 2- Y,-524.456,1.78,0.42
DDC00070AG,CIE AUTOMOTIVE INDIA LIMITED,0101EW503950N,THAR 5DOOR (W502),PROFILE,SP1- Matching Surface Panel,0,1.165,0.381
DDC00070AG,CIE AUTOMOTIVE INDIA LIMITED,0101EW503960N,THAR 5DOOR (W502),POSITION,CTQ Hole 1- X,1848.395,1.165,0.381
DDS01789AA,SANJYOT METAL INDUSTRIES,0102AW502370N,THAR 5DOOR (W502),POSITION,Slot 1 - GRILL 2 WAY LOCATOR-Z,65.501,3.06,0.37
DDS01789AA,SANJYOT METAL INDUSTRIES,0101EW503750N,THAR 5DOOR (W502),PROFILE,SP2- MATING WITH PANEL HINGE TAILGATE TOP RH,0,2.19,0.34
DDS01789AA,SANJYOT METAL INDUSTRIES,0102AW502370N,THAR 5DOOR (W502),POSITION,Slot 1 - GRILL 2 WAY LOCATOR-Y,66.493,1.86,0.33
DDC00070AG,CIE AUTOMOTIVE INDIA LIMITED,0101EW503950N,THAR 5DOOR (W502),POSITION,CTQ Hole 1- Z,766.5,1.849,0.294
DDC00070AG,CIE AUTOMOTIVE INDIA LIMITED,0101EW503950N,THAR 5DOOR (W502),PROFILE,SP1- Matching Surface Panel,0,0.945,0.287
DDM00096AC,MSL DRIVELINE SYSTEMS LIMITED,0501AAA05691N,THAR 5DOOR (W502),RUNOUT,Tube Runout,0.5 MAX,2.08,0.11
DDC00070AG,CIE AUTOMOTIVE INDIA LIMITED,0101EW503950N,THAR 5DOOR (W502),PROFILE,SP3- Matching Surface Panel,0,0.959,0.063
DDC00070AG,CIE AUTOMOTIVE INDIA LIMITED,0101EW503960N,THAR 5DOOR (W502),POSITION,CTQ Hole 1- Y,-789.597,0.841,0.04
DDC00070AG,CIE AUTOMOTIVE INDIA LIMITED,0101EW503950N,THAR 5DOOR (W502),PROFILE,SP2- Matching Surface Panel,0,0.793,0.028
