Serial Number,Attribution,SAP Claim No,Commodity,Decision
S2C47832,,,,MTN
S2D15018,,,,MTN
R2L27165,,,,SM
S2E34128,,,,SM
R2J40204,,,,RV
R2M28793,,,,RV
R2M30003,,,,RV
S2D20348,,,,RV
R2L17027,,,,RS
R2L20932,,,,RS
R2L23530,,,,RS
S2A14192,,,,RS
R2L27040,,,,SM
S2C37808,,,,SM
S2C43181,,,,SM
S2C45965,,,,SM
S2D20348,,,,SM
R2G16792,,,,RV
R2H25278,,,,RV
R2H25584,,,,RV
R2H25813,,,,RV
R2J33010,,,,RV
R2J36311,,,,RV
R2K10361,,,,RV
R2K12603,,,,RV
R2K48997,,,,RV
R2L27314,,,,RV
R2M29283,,,,RV
R2M31014,,,,RV
R2M32648,,,,RV
S2B28752,,,,RV
S2D10762,,,,RV
S2D12135,,,,RV
S2D15548,,,,RV
S2E30485,,,,RV
S2E34805,,,,RV
S2F39228,,,,RV
S2F43175,,,,RV
S2B24650,,,,PSC
S2B27648,,,,MTN
S2F41523,,,,MTN
R2J34324,,,,RV
R2J36772,,,,RV
R2K43482,,,,RV
R2L24845,,,,RV
S2A13093,,,,RV
S2B23412,,,,RV
S2B32812,,,,RV
S2C47371,,,,RV
S2D20093,,,,RV
S2F42751,,,,RV
R2J37608,,,,MTN
R2J39045,,,,MTN
R2J39045,,,,MTN
R2J40058,,,,MTN
R2K10562,,,,MTN
R2L16505,,,,MTN
R2L16505,,,,MTN
R2L17053,,,,MTN
R2L17053,,,,MTN
S2A13597,,,,MTN
S2A17630,,,,MTN
S2B26658,,,,MTN
S2B26658,,,,MTN
S2B27044,,,,MTN
S2B29610,,,,MTN
S2B30585,,,,MTN
S2B33504,,,,MTN
S2C39644,,,,MTN
S2C40133,,,,MTN
S2C41938,,,,MTN
S2C46150,,,,MTN
S2D10947,,,,MTN
S2D10947,,,,MTN
S2D11384,,,,MTN
S2D17098,,,,MTN
S2D17679,,,,MTN
S2E29517,,,,MTN
S2F45091,,,,MTN
S2G12263,,,,MTN
S2G12382,,,,MTN
S2G12382,,,,MTN
R2H19911,ANALYSIS SCRAP,,,SM
R2H20977,ANALYSIS SCRAP,,,SM
R2H28251,ANALYSIS SCRAP,,,SM
R2H29634,,,,SM
R2J30911,,,,SM
R2J30911,,,,SM
R2J33505,ANALYSIS SCRAP,,,SM
R2J34239,ANALYSIS SCRAP,,,SM
R2J35852,ANALYSIS SCRAP,,,SM
R2J36065,,,,SM
R2J36858,,,,SM
R2J38328,ANALYSIS SCRAP,,,SM
R2J38975,ANALYSIS SCRAP,,,SM
R2J40976,,,,SM
R2J41890,,,,SM
R2K12083,,,,SM
R2K12982,,,,SM
R2K43191,,,,SM
R2K45325,,,,SM
R2K45606,ANALYSIS SCRAP,,,SM
R2K47169,,,,SM
R2L18815,,,,SM
R2L20875,,,,SM
R2L24011,,,,SM
R2M29456,,,,SM
R2M32304,ANALYSIS SCRAP,,,SM
R2M34481,,,,SM
R2M35190,,,,SM
S2A10991,,,,SM
S2A15901,,,,SM
S2A16915,ANALYSIS SCRAP,,,SM
S2A20710,,,,SM
S2B23074,,,,SM
S2B26183,,,,SM
S2B30060,,,,SM
S2B30351,,,,SM
S2B33522,,,,SM
S2C35876,,,,SM
S2C36606,,,,SM
S2C40085,,,,SM
S2C45561,,,,SM
S2C47876,,,,SM
S2D10951,,,,SM
S2D13615,,,,SM
S2D14427,,,,SM
S2D14730,,,,SM
S2F35957,,,,SM
S2F40057,,,,SM
S2F46931,ANALYSIS SCRAP,,,SM
S2G48242,,,,SM
R2G16782,,,,RV
R2G18653,,,,RV
R2H19987,,,,RV
R2H23327,,,,RV
R2H23327,,,,RV
R2H25866,,,,RV
R2H28369,,,,RV
R2H28509,,,,RV
R2H29450,,,,RV
R2J36858,,,,RV
R2J37379,,,,RV
R2J37403,,,,RV
R2J38971,,,,RV
R2J39331,,,,RV
R2J39477,,,,RV
R2J41047,,,,RV
R2J42105,,,,RV
R2K12044,,,,RV
R2K12044,,,,RV
R2K14778,,,,RV
R2K43550,,,,RV
R2K44203,,,,RV
R2K44359,,,,RV
R2K44359,,,,RV
R2K45090,,,,RV
R2K46804,,,,RV
R2K47108,,,,RV
R2K48734,,,,RV
R2L17672,,,,RV
R2L18175,,,,RV
R2L20155,,,,RV
R2L20155,,,,RV
R2L20375,,,,RV
R2L22011,,,,RV
R2L26417,,,,RV
R2L27207,,,,RV
R2M30252,,,,RV
R2M33844,,,,RV
R2M35515,,,,RV
R2M35689,,,,RV
R2M37872,,,,RV
R2M38605,,,,RV
S2A13172,,,,RV
S2A13858,,,,RV
S2A21370,,,,RV
S2A21742,,,,RV
S2A21795,,,,RV
S2A22552,,,,RV
S2A22725,,,,RV
S2A22725,,,,RV
S2A22815,,,,RV
S2B24864,,,,RV
S2B27010,,,,RV
S2B33272,,,,RV
S2C36133,,,,RV
S2C36860,,,,RV
S2C38118,,,,RV
S2C38191,,,,RV
S2C39008,,,,RV
S2C41415,,,,RV
S2C43129,,,,RV
S2C43302,,,,RV
S2C43600,,,,RV
S2C43852,,,,RV
S2C43871,,,,RV
S2C43979,,,,RV
S2C46499,,,,RV
S2D11214,,,,RV
S2D11932,,,,RV
S2D11986,,,,RV
S2D14756,,,,RV
S2D14929,,,,RV
S2D15006,,,,RV
S2D16615,,,,RV
S2D17502,,,,RV
S2D19952,,,,RV
S2D20581,,,,RV
S2E25121,,,,RV
S2E27748,,,,RV
S2E33091,,,,RV
S2E33414,,,,RV
S2F36280,,,,RV
S2F37717,,,,RV
S2F37911,,,,RV
S2F38022,,,,RV
S2F42175,,,,RV
S2F42751,,,,RV
S2F45442,,,,RV
S2G13292,,,,RV
S2G49504,,,,RV
S2G49747,,,,RV
S2H24015,,,,RV
R2H28251,,,,RS
R2J39912,,,,RS
R2J40657,,,,RS
R2J42562,,,,RS
R2K13400,,,,RS
R2L22098,,,,RS
R2M34058,,,,RS
S2D18420,,,,RS
S2E26398,,,,RS
S2F41244,,,,RS
S2F45943,,,,RS
R2K48256,,,,MTN
R2M29457,,,,MTN
R2M39468,,,,MTN
S2A18529,,,,MTN
S2A21340,,,,MTN
S2B33655,,,,MTN
S2C43131,,,,MTN
S2E30860,,,,MTN
S2F37159,,,,MTN
S2F46272,,,,MTN
S2F46862,,,,MTN
R2K49144,,,,RV
S2D17982,,,,RV
S2D22312,,,,RV
S2E24897,,,,RV
S2E27903,,,,RV
S2E34336,,,,RV
S2F39715,,,,RV
S2F42309,,,,RV
R2H20964,,,,MTN
R2H28967,,,,MTN
S2E33859,,,,MTN
S2F38502,,,,MTN
R2G14340,ANALYSIS SCRAP,,,SM
R2G18065,ANALYSIS SCRAP,,,SM
R2H23388,,,,SM
R2H29215,,,,SM
R2J37193,,,,SM
R2L17303,,,,SM
S2A15859,,,,SM
S2F40141,CONSEQUENTIAL SCRAP,,,SM
S2F44545,DESIGN SCRAP,,,SM
S2F44715,,,,SM
S2F44715,,,,SM
S2F44715,CONSEQUENTIAL SCRAP,,,SM
R2M28802,,,,RV
R2M28802,,,,RV
R2M32564,,,,RV
R2M32564,,,,RV
R2M37635,,,,RV
R2M38302,,,BODY,RV
R2M38305,,,,RV
S2A12039,,,,RV
S2B29381,,,,RV
S2B30727,,,,RV
S2C35876,,,,RV
S2E30407,,,,RV
S2E33337,,,,RV
S2E34612,,,,RV
S2F38795,,,,RV
S2G18251,,,,RV
R2J31009,,,,RS
R2L26636,,,,RS
R2L26636,,,,RS
R2L26636,,,,RS
R2L26636,,,,RS
S2D19439,,,,RS
S2D22314,,,,RS
R2G15387,,,,MTN
R2M35671,,,,MTN
R2M36769,,,,MTN
S2A10062,,,,MTN
S2A11791,,,,MTN
S2A19999,,,,MTN
S2B30727,,,,MTN
S2C37421,,,,MTN
S2C42539,,,,MTN
S2D15080,,,,MTN
S2F41523,,,,MTN
S2G12434,,,,MTN
R2J34955,,,,RV
R2K12737,,,,RV
R2K47126,,,,RV
R2L18185,,,,RV
R2L25074,,,,RV
R2M32156,,,,RV
R2M38341,,,,RV
S2A14106,,,,RV
S2B25434,,,,RV
S2B25434,,,,RV
S2D10471,,,,RV
S2D13977,,,,RV
S2D15022,,,,RV
S2D15201,,,,RV
S2D19625,,,,RV
S2E35178,,,,RV
S2C37702,,,,MTN
S2C43359,,,,MTN
R2H28908,,,,SM
R2J31607,,,,SM
R2J34906,,,,SM
R2J35820,,,,SM
R2J36800,ANALYSIS SCRAP,,,SM
R2J41605,ANALYSIS SCRAP,,,SM
R2K11728,,,,SM
R2L19122,,,,SM
R2L20729,,,,SM
R2L26479,,,,SM
R2M30843,,,,SM
R2M31925,,,,SM
R2M33651,,,,SM
S2A17149,,,,SM
S2A17558,,,,SM
S2B33875,,,,SM
S2C36397,ANALYSIS SCRAP,,,SM
S2C41749,,,,SM
S2D14836,,,,SM
S2F40360,,,,SM
R2G16792,,,,RV
R2G17238,,,,RV
R2J40976,,,,RV
R2K13170,,,,RV
R2K43139,,,,RV
R2K47023,,,,RV
R2K47595,,,,RV
R2L17306,,,,RV
R2L18175,,,,RV
R2L26736,,,,RV
R2M32555,,,,RV
R2M32648,,,,RV
R2M34481,,,,RV
R2M37078,,,,RV
S2A12573,,,,RV
S2A17356,,,,RV
S2A18968,,,,RV
S2C40067,,,,RV
S2C40213,,,,RV
S2C45474,,,,RV
S2D14274,,,,RV
S2D19897,,,,RV
S2E24817,,,,RV
S2E25081,,,,RV
S2E25574,,,,RV
S2E26455,,,,RV
S2E27433,,,,RV
S2E32501,,,,RV
S2E32945,,,,RV
S2F38590,,,,RV
S2F42442,,,,RV
S2F45550,,,,RV
S2F46746,,,,RV
R2J38885,,,,RS
R2M32547,,,,RS
S2C39706,,,,RS
S2D10243,PSC - DNR,,,RS
S2E29018,,,,RS
S2E29234,PSC - DNR,,,RS
S2E35206,,,,RS
S2E35206,,,,RS
S2F36853,PSC - DNR,,,RS
S2F37612,PSC - DAMAGED,,,RS
R2M32743,,,,PSC
R2H30452,,,,MTN
R2K14552,,,,MTN
S2A17779,,,,MTN
S2C43984,,,,MTN
S2C45322,,,,MTN
S2D18894,,,,MTN
S2E22913,,,,MTN
S2E24816,,,,MTN
S2E26794,,,,MTN
S2E27405,,,,MTN
S2F37791,,,,MTN
S2F43391,,,,MTN
S2F44284,,,,MTN
S2F45160,,,,MTN
S2B27847,,,,SM
S2C47701,,,,SM
S2A14889,,,,RV
S2B33504,,,,RV
S2C37899,,,,RV
S2D20747,,,,RV
S2E28329,,,,RV
S2E31232,,,,RV
S2E32847,,,,RV
R2J39205,PSC - DNR,,,RS
R2J39205,PSC - DNR,,,RS
R2K12802,,,,RS
S2D21290,,,,RS
S2D22249,,,,RS
R2J30872,,,,MTN
S2B30833,,,,MTN
S2C47102,,,,MTN
S2D15705,,,,MTN
S2F39110,,,,MTN
R2J42006,,,,RV
R2K12517,,,,RV
R2K14814,,,,RV
R2K15488,,,,RV
R2K45283,,,,RV
R2K45842,,,,RV
R2L26328,,,,RV
S2A21342,,,,RV
S2B26826,,,,RV
S2B26971,,,,RV
S2C40923,,,,RV
S2C43767,,,,RV
S2C45559,,,,RV
S2D10290,,,,RV
S2D10318,,,,RV
S2D11910,,,,RV
S2D14691,,,,RV
S2E26223,,,,RV
S2F41250,,,,RV
R2L23752,,,,MTN
R2J39352,ANALYSIS SCRAP,,,SM
R2J40897,ANALYSIS SCRAP,,,SM
R2K43309,ANALYSIS SCRAP,,,SM
R2K44459,ANALYSIS SCRAP,,,SM
R2L18199,ANALYSIS SCRAP,,,SM
R2L21790,ANALYSIS SCRAP,,,SM
R2M30372,ANALYSIS SCRAP,,,SM
S2A16925,ANALYSIS SCRAP,,,SM
S2A18430,ANALYSIS SCRAP,,,SM
S2A19781,ANALYSIS SCRAP,,,SM
S2B26272,ANALYSIS SCRAP,,,SM
S2B26272,ANALYSIS SCRAP,,,SM
S2B26272,ANALYSIS SCRAP,,,SM
S2B26272,ANALYSIS SCRAP,,,SM
S2C35794,ANALYSIS SCRAP,,,SM
S2C35818,ANALYSIS SCRAP,,,SM
S2C44855,ANALYSIS SCRAP,,,SM
S2D11307,ANALYSIS SCRAP,,,SM
S2D11416,ANALYSIS SCRAP,,,SM
S2D11416,ANALYSIS SCRAP,,,SM
S2D11416,ANALYSIS SCRAP,,,SM
S2D14269,ANALYSIS SCRAP,,,SM
R2J39648,,,,RV
R2L16413,,,,RV
R2M30576,,,,RV
S2A15115,,,,RV
S2B26272,,,,RV
S2B27260,,,,RV
R2G18243,,,,SM
R2H29313,ANALYSIS SCRAP,,,SM
R2J33724,,,,SM
R2J35863,,,,SM
R2J41163,,,,SM
R2K43362,,,,SM
R2K45935,,,,SM
R2L19414,ANALYSIS SCRAP,,,SM
S2B26272,ANALYSIS SCRAP,,,SM
S2B26272,ANALYSIS SCRAP,,,SM
R2G13224,,,,RV
R2G13937,,,,RV
R2H19768,,,,RV
R2H26517,,,,RV
R2J33469,,,,RV
R2J33501,,,,RV
R2J33735,,,,RV
R2J35285,,,,RV
R2J37296,,,,RV
R2J39955,,,,RV
R2J40367,,,,RV
R2J40757,,,,RV
R2J41120,,,,RV
R2K10558,,,,RV
R2K11502,,,,RV
R2K11571,,,,RV
R2K12985,,,,RV
R2K15485,,,,RV
R2K43525,,,,RV
R2K43981,,,,RV
R2K45503,,,,RV
R2K45565,,,,RV
R2K46041,,,,RV
R2K47206,,,,RV
R2K47653,,,,RV
R2K47743,,,,RV
R2L17409,,,,RV
R2L17970,,,,RV
R2L18030,,,,RV
R2L24138,,,,RV
R2L25275,,,,RV
R2L25778,,,,RV
R2L26271,,,,RV
R2L26378,,,,RV
R2L27057,,,,RV
R2L27160,,,BODY,RV
R2M28758,,,,RV
R2M28790,,,,RV
R2M33264,,,,RV
R2M33506,,,,RV
R2M33717,,,,RV
R2M34193,,,,RV
R2M34332,,,,RV
R2M34461,,,,RV
R2M34575,,,,RV
R2M35052,,,,RV
R2M35252,,,,RV
R2M35991,,,,RV
R2M37153,,,,RV
R2M37227,,,,RV
S2A11860,,,,RV
S2A19796,,,,RV
S2A19881,,,,RV
S2A20095,,,,RV
S2A22862,,,,RV
S2B33528,,,,RV
S2C36532,,,,RV
S2C40782,,,,RV
S2C41899,,,,RV
S2C43466,,,,RV
S2C43984,,,,RV
S2C46194,,,,RV
S2C47027,,,,RV
S2D14298,,,,RV
S2D15889,,,,RV
S2D17020,,,,RV
S2D17440,,,,RV
S2D19932,,,,RV
S2D20039,,,,RV
S2D21172,,,,RV
S2D21353,,,,RV
S2D21527,,,,RV
S2D22122,,,,RV
S2E28069,,,,RV
S2E29384,,,,RV
S2E31833,,,,RV
S2F39528,,,,RV
S2F43753,,,,RV
R2H19987,,,,RS
R2K45669,PSC - DNR,,,RS
R2K45669,PSC - DNR,,,RS
S2B26982,,,,RS
S2F39438,,,,PSC
R2G15199,,,,MTN
R2G15416,,,,MTN
R2K15921,,,,MTN
R2M32483,,,,MTN
R2M35689,,,,MTN
S2B28140,,,,MTN
S2C39018,,,,MTN
S2C41528,,,,MTN
S2D12715,,,,MTN
S2D14582,,,,MTN
S2D15258,,,,MTN
S2D15276,,,,MTN
S2D16834,,,,MTN
S2D18643,,,,MTN
S2D19330,,,,MTN
S2D19373,,,,MTN
S2D20351,,,,MTN
S2D21141,,,,MTN
S2E25083,,,,MTN
S2E26859,,,,MTN
S2E30718,,,,MTN
S2E31041,,,,MTN
S2F36929,,,,MTN
S2F39234,,,,MTN
S2F41605,,,,MTN
R2H29837,,,,SM
R2J33889,,,,SM
R2K14170,,,,SM
R2K14380,,,,SM
R2K44871,,,,SM
R2K46449,,,,SM
R2K48755,,,,SM
R2L23517,,,,SM
R2L24589,,,,SM
R2L27768,,,,SM
R2M31099,,,,SM
R2M33971,,,,SM
S2A14832,,,,SM
S2A21302,,,,SM
S2A21798,,,,SM
S2B23633,,,,SM
S2B23877,,,,SM
S2B24650,,,,SM
S2B26937,,,,SM
S2B27472,,,,SM
S2D17176,,,,SM
R2G11820,,,,RV
R2G11820,,,,RV
R2H22381,,,,RV
R2H28523,,,,RV
R2H29297,,,,RV
R2H29297,,,,RV
R2J37026,,,,RV
R2J40426,,,,RV
R2K43891,,,,RV
R2K46398,,,,RV
R2L19092,,,,RV
R2M37981,,,,RV
S2A13757,,,,RV
S2A14939,,,,RV
S2A15925,,,,RV
S2A16654,,,,RV
S2B26095,,,,RV
S2B26404,,,,RV
S2B32003,,,,RV
S2C44385,,,,RV
S2D14749,,,,RV
S2D16883,,,,RV
S2E23975,,,,RV
S2E25197,,,,RV
S2E25197,,,,RV
S2E25607,,,,RV
S2E33821,,,,RV
S2F44761,,,,RV
S2A18571,,,,RS
S2A17136,,,,PSC
S2E28376,,,,PSC
R2G12237,,,,MTN
R2H26711,,,,MTN
R2J32752,,,,MTN
R2K12710,,,,MTN
R2K12982,,,,MTN
R2L16505,,,,MTN
R2L20125,,,,MTN
R2L20125,,,,MTN
R2L20694,,,,MTN
R2M35688,,,,MTN
S2A15925,,,,MTN
S2A20597,,,,MTN
S2A20597,,,,MTN
S2B28250,,,,MTN
S2B28250,,,,MTN
S2C39474,,,,MTN
S2C39474,,,,MTN
S2C41423,,,,MTN
S2C43775,,,,MTN
S2C43775,,,,MTN
S2C46884,,,,MTN
S2C46884,,,,MTN
S2C46956,,,,MTN
S2C47952,,,,MTN
S2D12712,,,,MTN
S2D14901,,,,MTN
S2F47972,,,,MTN
R2J41090,,,,RV
S2B31219,,,,RV
S2E32467,,,,RV
S2E32467,,,,RV
R2H30024,ANALYSIS SCRAP,,,SM
R2J34394,ANALYSIS SCRAP,,,SM
R2J34529,ANALYSIS SCRAP,,,SM
R2J37884,ANALYSIS SCRAP,,,SM
R2J40805,ANALYSIS SCRAP,,,SM
R2K12982,,,,SM
R2K12982,,,,SM
R2K12982,,,,SM
R2K12982,,,,SM
R2K44373,ANALYSIS SCRAP,,,SM
R2M36834,ANALYSIS SCRAP,,,SM
S2B27260,,,,SM
S2B27260,,,,SM
S2B27260,,,,SM
S2B27260,,,,SM
S2G48439,ANALYSIS SCRAP,,,SM
R2G16739,,,,RV
R2J34642,,,,RV
R2J36945,,,,RV
R2J41228,,,,RV
R2K46435,,,,RV
R2M35052,,,,RV
R2M38724,,,,RV
S2A21303,,,,RV
S2D15897,,,,RV
S2D22076,,,,RV
S2E27790,,,,RV
S2E28409,,,,RV
S2E33284,,,,RV
S2F38258,,,,RV
S2F43361,,,,RV
R2G15416,PSC - DNR,,,RS
R2G16739,,,,RS
S2C41190,,,,RS
S2C41489,,,,RS
S2D10385,PSC - DAMAGED,,,RS
S2D10385,PSC - DNR,,,RS
S2E25522,,,,RS
R2K11108,,,,MTN
R2K15739,,,,MTN
R2L24550,,,,MTN
S2C38572,,,,MTN
S2D11694,,,,MTN
S2D15897,,,,MTN
S2D17501,,,,MTN
S2E24745,,,,MTN
S2F39528,,,,SM
R2M37171,,,,RV
S2F43803,,,,SM
R2L24111,,,,RS
R2L28174,,,,RS
S2A12493,,,,RS
S2B26132,,,,RS
S2C40159,,,,RS
R2H20401,,,,SM
R2H25921,,,,SM
R2H26345,,,,SM
R2H29452,,,,SM
R2J31271,,,,SM
R2J33638,,,,SM
R2J34921,,,,SM
R2J35202,,,,SM
R2J37240,,,,SM
R2J37647,,,,SM
R2J38250,,,,SM
R2J39186,,,,SM
R2J39194,,,,SM
R2J40968,,,,SM
R2J41382,,,,SM
R2J41611,,,,SM
R2K10827,,,,SM
R2K10904,,,,SM
R2K11289,,,,SM
R2K11873,,,,SM
R2K43024,,,,SM
R2K45503,,,,SM
R2K45825,,,,SM
R2K49734,,,,SM
R2L20762,,,,SM
R2L23973,,,,SM
R2L25108,,,,SM
R2L26032,ANALYSIS SCRAP,,,SM
R2M28386,,,,SM
R2M36858,,,,SM
S2C45901,,,,sm
R2G16851,,,,RV
R2G17623,,,,RV
R2H28924,,,,RV
R2H28924,,,,RV
R2H28924,,,,RV
R2H28924,,,,RV
R2J31688,,,,RV
R2J32888,,,,RV
R2J33790,,,,RV
R2J37574,,,,RV
R2J40980,,,,RV
R2J41322,,,,RV
R2J41393,,,,RV
R2J42593,,,,RV
R2K10316,,,,RV
R2K10316,,,,RV
R2K14801,,,,RV
R2K15206,,,,RV
R2K44606,,,,RV
R2K44825,,,,RV
R2K46355,,,,RV
R2K46462,,,,RV
R2K47566,,,,RV
R2K49174,,,,RV
R2K49376,,,,RV
R2L21158,,,,RV
R2L24162,,,,RV
R2L26355,,,,RV
R2L26355,,,,RV
R2L27659,,,,RV
R2M29326,,,,RV
R2M29718,,,,RV
R2M30444,,,,RV
R2M32562,,,,RV
R2M32792,,,,RV
R2M33158,,,BODY,RV
R2M33418,,,,RV
R2M33418,,,,RV
R2M33418,,,,RV
R2M33464,,,,RV
R2M33464,,,,RV
R2M33975,,,,RV
R2M34409,,,,RV
R2M34409,,,,RV
R2M34420,,,,RV
R2M34656,,,,RV
R2M38145,,,BODY,RV
R2M38886,,,,RV
S2A15465,,,,RV
S2A15658,,,,RV
S2A18254,,,,RV
S2A21262,,,,RV
S2B25499,,,,RV
S2B26208,,,,RV
S2B28134,,,,RV
S2B28134,,,,RV
S2B28148,,,,RV
S2B28148,,,,RV
S2B33334,,,,RV
S2C41528,,,,RV
S2C45901,,,,RV
S2C47884,,,,RV
S2D10869,,,,RV
S2D12048,,,,RV
S2D18691,,,,RV
S2D21607,,,,RV
S2D21607,,,,RV
S2E23386,,,,RV
S2E28720,,,,RV
R2J38397,,,,RS
R2L24636,,,,RS
R2M36623,,,,RS
S2A12574,PSC - DNR,,,RS
S2A15554,,,,RS
S2A19739,,,,RS
S2B35160,,,,RS
S2C47489,,,,RS
R2J37342,,,,MTN
R2J39081,,,,MTN
R2J40976,,,,MTN
R2K12249,,,,MTN
R2K12982,,,,MTN
R2K13802,,,,MTN
R2K47189,,,,MTN
R2M32446,,,,MTN
S2A15658,,,,MTN
S2A19796,,,,MTN
S2A22079,,,,MTN
S2C41125,,,,MTN
S2D13923,,,,MTN
S2D14806,,,,MTN
S2D17672,,,,MTN
S2D21550,,,,MTN
R2H26101,,,,SM
R2J33683,,,,SM
R2J35310,,,,SM
R2J35343,,,,SM
R2K15559,,,,SM
R2K44510,,,,SM
R2L22063,,,,SM
R2L26256,,,,SM
R2M30316,,,,SM
S2B24096,,,,SM
S2C45625,,,,SM
S2D14695,,,,SM
S2D19276,,,,SM
S2D21230,,,,SM
R2J36086,,,,RV
R2J37236,,,,RV
R2J38228,,,,RV
R2J38653,,,,RV
R2J40943,,,,RV
R2J41203,,,,RV
R2J41978,,,,RV
R2K12710,,,,RV
R2K12710,,,,RV
R2L17263,,,,RV
R2L22875,,,,RV
R2L23065,,,,RV
R2M30987,,,,RV
R2M38662,,,,RV
S2A17504,,,,RV
S2A18062,,,,RV
S2A19548,,,,RV
S2A19796,,,,RV
S2B24651,,,,RV
S2B25355,,,,RV
S2B25809,,,,RV
S2B26329,,,,RV
S2B26795,,,,RV
S2B30620,,,,RV
S2C39160,,,,RV
S2D12673,,,,RV
S2D17887,,,,RV
S2D18530,,,,RV
S2D20617,,,,RV
S2D21230,,,,RV
S2D22502,,,,RV
S2E25813,,,,RV
S2E25813,,,,RV
S2E25844,,,,RV
S2E31157,,,,RV
S2E34283,,,,RV
S2F35970,,,,RV
S2F37470,,,,RV
S2F44354,,,,RV
R2J30872,PSC - DAMAGED,,,RS
R2J38128,,,,RS
R2L23599,,,,RS
S2B23879,PSC - DNR,,,RS
S2B30826,,,,RS
S2B33022,,,,RS
S2C45544,,,,RS
R2K48552,,,,MTN
R2L22288,,,,MTN
R2M33825,,,,MTN
R2M39442,,,,MTN
S2B27507,,,,MTN
S2B30480,,,,MTN
S2C42069,,,,MTN
S2D10607,,,,MTN
S2D10935,,,,MTN
S2D12673,,,,MTN
S2E24841,,,,MTN
S2F47770,,,,Hold
S2B23900,DESIGN SCRAP,,,SM
R2K48335,,,,RV
R2M35470,,,,RV
S2D16307,,,,RV
S2D18530,,,,RV
S2D21965,,,,RV
S2E30657,,,,RV
S2E34451,,,,RV
S2D16066,,,,MTN
R2J36776,,,,SM
R2J37566,,,,SM
R2M30911,,,,SM
R2K14791,,,,RV
S2C40087,,,,RV
S2E22913,,,,RS
S2D11179,,,,MTN
R2K13563,,,,SM
R2K16005,,,,SM
R2K43309,,,,SM
S2C37421,,,,SM
S2C40875,,,,SM
S2E26359,,,,SM
R2J40537,,,,RV
R2K16317,,,,RV
R2K46134,,,,RV
R2L17102,,,,RV
S2C47213,,,,RV
S2D13923,,,,RV
R2K15921,PSC - DAMAGED,,,RS
S2A21244,PSC - DAMAGED,,,RS
S2E32277,,,,RS
R2J36061,,,,MTN
R2M37880,,,,MTN
S2A12574,,,,MTN
S2A13811,,,,MTN
S2A20258,,,,MTN
S2B25122,,,,MTN
S2B33484,,,,MTN
S2C46735,,,,MTN
S2D12217,,,,MTN
S2E30216,,,,MTN
S2D19178,,,,MTN
R2G18134,,,,RV
R2G18381,,,PDT,RV
R2H29724,,,,RV
R2K12464,,,,RV
R2K12628,,,PDT,RV
R2L17409,,,,RV
R2L18185,,,,RV
R2L19435,,,,RV
R2L22949,,,,RV
R2L25974,,,,RV
R2L25985,,,,RV
R2M35239,,,,RV
S2A11860,,,,RV
S2A11903,,,,RV
S2A22080,,,,RV
S2A22101,,,,RV
S2A22929,,,,RV
S2B24688,,,,RV
S2B27895,,,,RV
S2C44356,,,,RV
S2C47031,,,,RV
S2C48101,,,,RV
S2D16021,,,,RV
S2D21710,,,,RV
S2E28497,,,,RV
S2E30146,,,,RV
S2E35230,,,,RV
R2J40950,,,,RS
R2M36167,,,,RS
S2C42474,,,,RS
R2J31927,,,,MTN
S2B25863,,,,MTN
S2C39338,,,,MTN
S2C43676,,,,MTN
R2J36670,,,,SM
R2J37757,,,,SM
R2J38970,,,,SM
R2K13629,,,,SM
R2K44748,,,,SM
R2K47291,,,BODY,SM
R2L19271,,,,SM
R2L21510,,,,SM
R2M30911,,,,SM
R2M30911,,,,SM
R2M30911,,,,SM
R2M32372,,,,SM
S2A14615,,,,SM
S2A18241,,,,SM
S2A21850,,,,SM
S2B23516,,,,SM
S2B33346,,,,SM
S2C35591,,,,SM
S2C36809,,,,SM
S2C45606,,,,SM
S2C47320,,,,SM
R2J35036,,,,RV
R2J36450,,,,RV
R2J38970,,,,RV
R2K44459,,,,RV
R2L25842,,,,RV
R2L26128,,,,RV
R2L26128,,,,RV
R2M34592,,,,RV
R2M36413,,,ELC,RV
S2A21059,,,,RV
S2A21059,,,,RV
S2B29304,,,PDT,RV
S2B33346,,,,RV
S2C41200,,,,RV
S2D12410,,,,RV
S2D12734,,,,RV
S2D17724,,,,RV
S2E28573,,,,RV
S2F42068,,,,RV
S2C43177,,,,RS
R2K45925,,,,PSC
R2M35925,,,,PSC
R2J36330,,,,MTN
R2J40838,,,PDT,MTN
R2J41366,,,,MTN
R2K43223,,,,MTN
S2B33001,,,,MTN
S2D11282,,,,MTN
S2A12999,CQS,,,CQS
R2J39209,,,,SM
R2J41483,,,,SM
R2J41863,,,,SM
R2K12541,,,,SM
R2K44852,,,,SM
R2L18226,,,,SM
R2M30911,,,,SM
R2M36710,,,HVAC,SM
R2M37688,,,,SM
S2B33027,,,,SM
S2B33472,,,,SM
R2J30629,,,,RV
R2J30632,,,,RV
R2J33790,,,,RV
R2J36298,,,,RV
R2J36450,,,,RV
R2J36450,,,,RV
R2J40003,,,,RV
R2K11728,,,,RV
R2K13561,,,,RV
R2K14921,,,,RV
R2K15735,,,,RV
R2K46418,,,,RV
R2L17713,,,ESS,RV
R2L21210,,,,RV
R2L21210,,,,RV
R2L22426,,,,RV
R2L25670,,,,RV
R2L27246,,,,RV
R2M30843,,,,RV
S2A14189,,,,RV
S2A21713,,,,RV
S2B25397,,,,RV
S2B25446,,,,RV
S2B29491,,,,RV
S2B31799,,,,RV
S2B34974,,,,RV
S2C40885,,,,RV
S2D11094,,,,RV
S2D12442,,,,RV
S2D16128,,,,RV
S2D21433,,,,RV
S2E26033,,,,RV
S2E30977,,,,RV
S2E31512,,,,RV
S2E33887,,,,RV
R2G18548,,,,RS
R2G18548,,,,RS
R2J34921,,,,RS
R2K12732,,,,RS
S2A12999,,,,RS
S2B25820,,,,RS
S2C41455,PSC - DNR,,,RS
S2C45972,,,,RS
S2C45972,,,,RS
R2J34286,,,,MTN
R2J42492,,,,MTN
R2L25511,,,,MTN
R2L27905,,,,MTN
R2M38353,,,,MTN
S2A15687,,,,MTN
S2C38050,,,,MTN
S2C38050,,,,MTN
S2C39333,,,,MTN
S2C39711,,,,MTN
S2C40975,,,,MTN
S2C41357,,,,MTN
S2D14427,,,,MTN
S2D18583,,,,MTN
S2D19942,,,,MTN
S2E24056,,,,MTN
S2E24832,,,,MTN
S2E24832,,,,MTN
S2E26033,,,,MTN
S2E28954,,,,MTN
S2C45371,,,,RV
R2K49186,,,,MTN
S2A13750,,,,MTN
S2B35147,,,,MTN
R2J38332,,,,RV
R2J38534,,,,RV
R2J38534,,,,RV
R2J40520,,,,RV
R2J41327,,,,RV
R2J41327,,,,RV
R2K12097,,,,RV
R2K12933,,,,RV
R2K14085,,,,RV
R2K43068,,,,RV
R2K43309,,,,RV
R2K43309,,,,RV
R2K43562,,,,RV
R2K44825,,,,RV
R2K48383,,,,RV
S2C40215,,,,RV
S2C40446,,,,RV
S2C41438,,,,RV
S2E26447,,,,MTN
R2H27730,DESIGN SCRAP,,,SM
R2J30715,,,,SM
R2J35063,,,,SM
R2J37809,DESIGN SCRAP,,,SM
R2K10149,DESIGN SCRAP,,,SM
R2K11864,DESIGN SCRAP,,,SM
R2K12043,DESIGN SCRAP,,,SM
R2K12535,DESIGN SCRAP,,,SM
R2K45053,DESIGN SCRAP,,,SM
R2K48011,DESIGN SCRAP,,,SM
R2K49370,DESIGN SCRAP,,,SM
R2K49370,DESIGN SCRAP,,,SM
R2K49370,DESIGN SCRAP,,,SM
R2L21510,,,,SM
R2L24162,DESIGN SCRAP,,,SM
R2M30576,DESIGN SCRAP,,,SM
R2M31641,,,,SM
R2M31801,DESIGN SCRAP,,,SM
S2A10089,,,,SM
S2A12244,M&M PROCESS ISSUE,,,SM
S2A12244,M&M PROCESS ISSUE,,,SM
S2A15276,DESIGN SCRAP,,,SM
S2A16063,DESIGN SCRAP,,,SM
S2A16063,DESIGN SCRAP,,,SM
S2A16063,DESIGN SCRAP,,,SM
S2A16063,DESIGN SCRAP,,,SM
S2A16063,DESIGN SCRAP,,,SM
S2A16063,DESIGN SCRAP,,,SM
S2A16063,DESIGN SCRAP,,,SM
S2A16752,DESIGN SCRAP,,,SM
S2A16752,DESIGN SCRAP,,,SM
S2A16752,DESIGN SCRAP,,,SM
S2A21340,,,DAC,SM
S2B24657,,,,SM
S2B28024,,,,SM
S2B28218,,,,SM
S2B29660,DESIGN SCRAP,,,SM
S2B32889,DESIGN SCRAP,,,SM
S2C35865,DESIGN SCRAP,,,SM
S2C36375,,,,SM
S2D14849,,,,SM
S2D21550,DESIGN SCRAP,,,SM
R2H19358,,,,RV
R2H21816,,,,RV
R2H22666,,,,RV
R2H23277,,,,RV
R2H25853,,,,RV
R2H29721,,,,RV
R2H29874,,,,RV
R2J33570,,,ELC,RV
R2J33775,,,,RV
R2J36044,,,,RV
R2J40122,,,,RV
R2J40484,,,,RV
R2J41860,,,,RV
R2J41954,,,,RV
R2J42453,,,,RV
R2J42499,,,,RV
R2K10563,,,,RV
R2K14361,,,,RV
R2K43094,,,,RV
R2K44671,,,,RV
R2K45044,,,,RV
R2K45597,,,,RV
R2K46963,,,,RV
R2L17224,,,,RV
R2L18101,,,,RV
R2L18862,,,,RV
R2L19384,,,ELC,RV
R2L26032,,,,RV
R2L26272,,,,RV
R2L26291,,,,RV
R2L26378,,,,RV
R2L27020,,,ELC,RV
R2L27124,,,ELC,RV
R2M30451,,,,RV
R2M30722,,,,RV
R2M30722,,,,RV
R2M31756,,,BODY,RV
R2M31888,,,,RV
R2M31977,,,,RV
R2M32787,,,BODY,RV
R2M32990,,,,RV
R2M33258,,,,RV
R2M33487,,,,RV
R2M33538,,,,RV
R2M33966,,,,RV
R2M34055,,,,RV
R2M34076,,,,RV
R2M34109,,,,RV
R2M34445,,,BODY,RV
R2M34989,,,,RV
R2M35103,,,,RV
R2M36592,,,ELC,RV
R2M37078,,,BODY,RV
R2M37123,,,ELC,RV
R2M37518,,,,RV
R2M38626,,,,RV
S2A10763,,,,RV
S2A12244,,,BODY,RV
S2A12295,,,,RV
S2A12722,,,,RV
S2A15026,,,,RV
S2A15597,,,,RV
S2A17260,,,,RV
S2A22773,,,,RV
S2B23633,,,,RV
S2B24331,,,BODY,RV
S2B24610,,,,RV
S2B25445,,,,RV
S2B27129,,,,RV
S2B27220,,,,RV
S2B27276,,,,RV
S2B28387,,,,RV
S2B29431,,,,RV
S2B30914,,,,RV
S2B32033,,,,RV
S2B32213,,,ELC,RV
S2B35192,,,,RV
S2C36667,,,,RV
S2C37318,,,,RV
S2C37587,,,,RV
S2C37718,,,,RV
S2C38454,,,,RV
S2C38850,,,,RV
S2C39064,,,ELC,RV
S2C40003,,,,RV
S2C42205,,,,RV
S2C44797,,,,RV
S2C47190,,,,RV
S2C48076,,,,RV
S2D12188,,,,RV
S2D14187,,,,RV
S2D16200,,,,RV
S2D18363,,,,RV
S2D18886,,,,RV
S2D22076,,,,RV
S2E29523,,,,RV
R2J37240,,,,RS
R2M34021,,,,RS
S2B35193,,,,RS
R2J41978,,,,MTN
R2K15871,,,,MTN
R2M35277,,,,MTN
S2B26744,,,,MTN
S2B29255,,,,MTN
S2B35025,,,,MTN
S2B35025,,,,MTN
S2C39790,,,,MTN
S2C43177,,,,MTN
S2D10555,,,,MTN
S2D11242,,,,MTN
S2E26322,,,,MTN
R2K49645,,,,RV
R2M36211,,,,RS
R2J35674,,,,MTN
R2L17616,,,,SM
R2K44886,,,,MTN
R2L26806,,,,MTN
R2M34135,,,,RV
S2B25499,,,,RS
R2J33770,,,,MTN
R2K12290,,,,MTN
R2M30911,,,,MTN
S2B26841,,,,MTN
R2G18108,,,,SM
R2H19091,,,,SM
R2H25713,,,ELC,SM
R2H26324,,,,SM
R2H28501,,,ELC,SM
R2H29634,,,,SM
R2H29634,,,ELC,SM
R2J30998,,,ELC,SM
R2J35519,,,ELC,SM
R2J35882,,,,SM
R2J36991,,,ELC,SM
R2J37802,,,,SM
R2J38016,,,ELC,SM
R2J38932,,,ELC,SM
R2J39265,,,ELC,SM
R2K10933,,,,SM
R2K11638,,,DAC,SM
R2K12974,,,ELC,SM
R2K15535,,,ELC,SM
R2K43141,,,ELC,SM
R2K44472,,,ELC,SM
R2K44719,,,,SM
R2K46208,,,,SM
R2K48842,,,ELC,SM
R2K48872,,,,SM
R2K48982,,,ELC,SM
R2L17536,,,,SM
R2L19436,,,ELC,SM
R2L22504,,,ELC,SM
R2M28661,,,,SM
R2M29318,,,,SM
R2M29583,,,,SM
R2M32378,,,ELC,SM
R2M39474,,,ELC,SM
R2K11676,,,,RV
R2K48613,,,BODY,RV
R2M32579,,,DAC,RV
R2K12290,,,,SM
R2H22105,,,,RV
R2H22478,,,,RV
R2H23031,,,,RV
R2H23055,,,,RV
R2H23748,,,,RV
R2H23768,,,,RV
R2H24189,,,,RV
R2H24832,,,BODY,RV
R2H29619,,,,RV
R2H29836,,,ELC,RV
R2J32201,,,BODY,RV
R2J34279,,,,RV
R2J35310,,,,RV
R2J37116,,,,RV
R2J37546,,,,RV
R2J40814,,,,RV
R2J40814,,,,RV
R2J40943,,,ELC,RV
R2J42413,,,,RV
R2K10760,,,,RV
R2K10866,,,ELC,RV
R2K11728,,,BODY,RV
R2K12710,,,,RV
R2K13321,,,,RV
R2K43329,,,,RV
R2K43329,,,,RV
R2K43495,,,,RV
R2K44004,,,,RV
R2K45483,,,,RV
R2K45722,,,ELC,RV
R2K46004,,,,RV
R2K46074,,,,RV
R2K46702,,,,RV
R2K47047,,,ELC,RV
R2K47184,,,,RV
R2K48962,,,BODY,RV
R2K49193,,,,RV
R2K49582,,,,RV
R2K49749,,,,RV
R2K49859,,,ELC,RV
R2K49966,,,ELC,RV
R2L16662,,,,RV
R2L17947,,,,RV
R2L19366,,,BODY,RV
R2L21034,,,,RV
R2L21683,,,,RV
R2L22306,,,,RV
R2L22983,,,ELC,RV
R2L23973,,,,RV
R2L26262,VENDOR DEBIT,,ELC,RV
R2L27326,,,,RV
R2M32676,,,,RV
S2A21490,,,,RV
S2B28711,,,BODY,RV
S2B29491,,,BODY,RV
S2B31975,,,,RV
S2B32070,,,,RV
S2B34697,,,,RV
S2C37242,,,,RV
S2C42218,,,ELC,RV
S2C45653,,,,RV
S2C46004,,,,RV
S2D11066,,,,RV
S2D12570,,,ELC,RV
S2D12587,,,,RV
S2D18766,,,,RV
S2D21607,,,,RV
S2D22063,,,,RV
S2E22586,,,,RV
S2E25612,,,,RV
S2E28211,,,,RV
S2E28211,,,,RV
S2E31434,,,,RV
R2H25863,,,,RS
R2J36351,,,,RS
R2L28119,,,,RS
R2M33506,,,,RS
S2C41357,,,,RS
R2M33487,,,,PSC
S2A20159,,,,PSC
S2C38394,,,ELC,PSC
R2J32765,,,,MTN
R2K12112,,,,MTN
R2K49251,,,,MTN
R2M30216,,,,MTN
R2M34666,,,,MTN
R2M34998,,,,MTN
R2M38939,,,,MTN
S2B23300,,,,MTN
S2C47989,,,,MTN
S2C47989,,,,MTN
S2D16066,,,,MTN
S2D22038,,,,MTN
S2D22038,,,,MTN
R2J35035,,,,SM
R2J35035,,,,SM
R2J40169,,,ELC,SM
R2K12290,,,,SM
R2L25337,,,,SM
R2L27289,,,ELC,SM
S2A17597,,,,SM
S2A17597,,,,SM
S2B24681,,,,SM
S2C43017,,,,SM
S2E30056,,,,SM
R2G17355,,,,RV
R2H30523,,,,RV
R2J31777,,,,RV
R2J32566,,,ELC,RV
R2J34851,,,,RV
R2K12637,,,,RV
R2K43357,,,,RV
R2K44858,,,ELC,RV
R2K45682,,,,RV
R2L17425,,,,RV
R2L18672,,,ELC,RV
R2L20158,,,ELC,RV
R2M32992,,,,RV
S2A16872,,,,RV
S2B24851,,,,RV
S2B34670,,,,RV
S2C39811,,,,RV
S2C43025,,,,RV
S2C44363,,,,RV
S2D12603,,,ELC,RV
S2D18777,,,,RV
S2E26786,,,,RV
S2D16128,,,,RS
R2H20770,,,,MTN
R2J32344,,,,MTN
R2K10387,,,,MTN
R2L22426,,,,MTN
R2L25839,,,,MTN
R2L27732,,,,MTN
R2M28895,,,,MTN
R2M30714,,,,MTN
R2M35388,,,,MTN
R2M37410,,,,MTN
R2M38737,,,,MTN
R2M38737,,,,MTN
S2C41395,,,,MTN
S2C46084,,,,MTN
S2D10448,,,,MTN
S2E26786,,,,MTN
S2A14189,,,,Hold
S2A14189,,,,Hold
S2A14189,,,,Hold
S2A14189,,,,Hold
R2L20466,,,,SM
R2L21657,,,,SM
R2L23003,,,,SM
R2L23953,,,ELC,SM
R2L24464,,,ELC,SM
R2L26262,,,,SM
R2M32157,,,ELC,SM
R2M32157,,,ELC,SM
R2M34082,,,,SM
S2A12673,,,,SM
S2B31900,,,ELC,SM
S2C43895,,,,SM
S2C43905,,,,SM
S2D18688,,,,SM
S2D20302,,,,SM
R2M33015,,,ELC,PSC
S2A12521,,,,RV
S2B24796,,,,RV
S2B34247,,,,RV
S2C47190,,,,RV
S2A12842,,,,MTN
S2A15793,,,,MTN
S2B26827,,,,MTN
S2B28133,,,ELC,MTN
S2B28387,,,,MTN
R2K46878,,,,RV
S2C40039,,,,RV
R2M28967,,,,MTN
S2A22072,,,,MTN
S2B30947,,,,MTN
S2C42412,,,,MTN
R2L19587,,,,SM
S2A17597,CQS,,,SM
S2B25884,,,,SM
S2B33207,,,,SM
S2B34790,,,,SM
S2B35213,,,,SM
S2C41509,,,,SM
R2H25483,,,,RV
R2L25587,,,,RV
S2D17252,,,,RV
S2D16200,MTN,,,MTN
R2K43585,,,,RV
R2K43585,,,,RV
R2L17589,,,,RV
R2L17814,,,,RV
R2L17814,,,,RV
R2L17814,,,,RV
S2A11841,,,,RV
S2C39324,,,,RV
S2E25396,,,,RV
S2E25396,,,,RV
R2M30071,PSC - DAMAGED,,,RS
R2M35252,PSC - DNR,,,RS
S2D13570,,,,RS
R2J37498,,,,MTN
S2A16602,,,,MTN
S2B23387,,,,MTN
S2B26225,,,,MTN
S2C39296,,,,MTN
R2J41468,,,,RS
R2K10473,,,,RS
R2K11351,,,,RS
R2K47423,,,,RS
R2L21577,,,ELC,RS
S2B24699,,,,RS
R2H22666,,,,RV
R2J33389,,,,RV
R2J34886,,,,RV
R2J36969,,,,RV
R2J40669,,,,RV
R2K12206,,,,RV
R2K44004,,,,RV
R2K45075,,,,RV
R2K45075,,,,RV
R2K46027,,,,RV
R2K46938,,,,RV
R2K48207,,,,RV
R2K49663,,,,RV
R2L25175,,,,RV
R2M31582,,,,RV
R2M35252,,,,RV
S2A20905,,,,RV
S2A21914,,,,RV
S2B26568,,,,RV
S2B27129,,,,RV
S2B29372,,,,RV
S2D22196,,,,RV
R2G16282,,,ELC,SM
R2G16282,,,ELC,SM
R2K10140,,,ELC,SM
R2K14801,,,,SM
R2K14801,,,,SM
R2K16092,,,,SM
R2K44886,,,,SM
R2K46330,,,ELC,SM
R2K48023,,,ELC,SM
R2K48023,,,ELC,SM
R2K48072,,,,SM
R2K48072,,,,SM
R2K48562,,,ELC,SM
R2K48562,,,ELC,SM
R2L18048,,,,SM
R2L18686,,,,SM
S2A14189,,,,SM
R2H24975,,,,RV
R2H26009,,,,RV
R2J37608,,,,RV
R2J38688,,,,RV
R2J39331,,,,RV
R2J40058,,,,RV
R2J41983,,,,RV
R2J41983,,,,RV
R2K14149,,,,RV
R2K43194,,,,RV
R2K44399,,,BODY,RV
R2K45053,,,,RV
R2K45053,,,,RV
R2K47069,,,,RV
R2K48011,,,,RV
R2L23308,,,,RV
R2L26008,,,,RV
R2M33511,,,,RV
R2M34445,,,,RV
R2M38523,,,,RV
S2A10767,,,,RV
S2A15410,,,,RV
S2B23900,,,,RV
S2B24376,,,,RV
S2B27118,,,,RV
S2C35778,,,,RV
S2C43920,,,,RV
S2D12273,,,,RV
S2D18940,,,,RV
S2D19599,,,,RV
S2D21919,,,,RV
R2F43260,,,,RS
R2K13386,,,,RS
S2B34980,,,,RS
R2K11571,,,,MTN
R2K44886,,,,MTN
R2L17092,,,,MTN
S2A13948,,,,MTN
S2A18241,,,,MTN
S2A18241,,,,MTN
S2A21422,,,,MTN
S2B25074,,,,MTN
S2B25074,,,,MTN
S2B28093,,,,MTN
S2B32885,,,,MTN
S2C40372,,,,MTN
S2C41173,,,,MTN
R2G11799,,,,SM
R2G11799,,,,SM
R2H23754,,,,SM
R2J37127,,,,SM
R2K12660,,,,SM
R2L22866,,,,SM
R2M30865,,,,SM
S2A14049,,,,SM
S2A17129,,,,SM
S2B30935,,,,SM
S2B31519,,,,SM
R2G18381,,,PDT,RV
R2H25902,,,,RV
R2H30019,,,,RV
R2J35803,,,,RV
R2J41736,,,,RV
R2J41954,,,,RV
R2J42048,,,,RV
R2K14500,,,ELC,RV
R2K42914,,,,RV
R2K43054,,,,RV
R2K45466,,,,RV
R2K46226,,,,RV
R2K46472,,,,RV
R2K46482,,,,RV
R2K48046,,,,RV
R2K49098,,,ELC,RV
R2K50008,,,,RV
R2L22554,,,,RV
R2L23293,,,,RV
R2L25781,,,,RV
R2L26128,,,,RV
R2L27138,,,,RV
R2L27162,,,,RV
R2L28161,,,,RV
R2M33935,,,,RV
R2M34635,,,,RV
R2M35142,,,,RV
R2M39279,,,,RV
S2A14399,,,,RV
S2B28304,,,,RV
R2G15711,,,,RS
R2J36106,,,,RS
R2J36310,,,,RS
R2J39878,,,,RS
R2K12159,,,,RS
R2K13092,,,,RS
R2K47134,,,,RS
R2L20955,,,,RS
R2M32383,,,,RS
S2C37936,,,ELC,PSC
S2D16458,,,,PSC
R2J32284,,,,MTN
R2J41954,,,,MTN
R2J42450,,,,MTN
R2L17092,,,,MTN
R2M28758,,,,MTN
R2M28758,,,,MTN
R2M35388,,,,MTN
S2A10029,,,,MTN
S2A10029,,,,MTN
S2A11366,,,,MTN
S2A11826,,,,MTN
S2B26930,,,,MTN
S2B29472,,,,MTN
S2B31143,,,,MTN
S2C37285,,,,MTN
S2C37285,,,,MTN
S2C47978,,,,MTN
S2C47989,,,,MTN
R2J39587,,,,RV
S2C40377,,,,RV
S2B27010,,,,RV
R2K14493,,,,RS
S2C41610,,,,MTN
S2B24820,,,,SM
R2H26528,,,,RV
R2J35882,,,,RV
R2J36574,,,,RV
R2J36574,,,,RV
R2J36776,,,,RV
R2J37100,,,,RV
R2J38697,,,,RV
R2K43495,,,,RV
R2K48530,,,,RV
R2L19099,,,,RV
R2L26716,,,,RV
R2M30257,,,,RV
R2M37269,,,,RV
R2M37822,,,,RV
S2A15251,,,ELC,RV
S2A18962,,,,RV
S2C44836,,,,RV
S2D15787,,,,RV
R2J37566,,,,PSC
R2K45307,,,,PSC
S2C36921,,,,MTN
S2C44486,,,,MTN
S2D13843,,,,MTN
R2H30119,,,,SM
R2J32044,,,,SM
R2J32495,,,,SM
R2K10656,,,,SM
R2K11676,,,,SM
R2K47196,,,,SM
R2K49832,,,,SM
R2L17616,,,,SM
R2L18601,,,,SM
R2L19083,,,ELC,SM
R2L19122,,,,SM
R2L24159,,,,SM
R2L24780,,,,SM
S2A13902,,,,SM
S2A16890,,,,SM
S2A16951,,,,SM
S2A17443,,,,SM
S2A20720,,,,SM
S2A20720,,,,SM
S2B25737,,,,SM
S2B29730,,,,SM
S2B33500,,,,SM
S2C39674,,,ELC,SM
S2C47251,,,,SM
R2H24198,,,,RV
R2H27543,,,ELC,RV
R2J31601,,,ELC,RV
R2J31601,,,ELC,RV
R2K11772,,,ELC,RV
R2K43562,,,,RV
R2M39034,,,,RV
R2M39440,,,,RV
S2A11878,,,,RV
S2A11878,,,,RV
S2A13974,,,,RV
S2B27244,,,,RV
S2C46885,,,ELC,RV
R2H25560,,,,RS
S2A18482,,,,RS
S2D12778,,,,RS
R2M39189,,,,PSC
R2H27574,,,,MTN
R2J37498,,,,MTN
R2J37498,,,,MTN
R2J38970,,,,MTN
R2L27138,,,,MTN
S2B23900,,,,MTN
S2B23900,,,,MTN
S2B31292,,,,MTN
S2B31292,,,,MTN
S2D15857,,,,MTN
R2M31198,,,,SM
R2M31198,,,,SM
S2B30754,,,,SM
S2C42550,,,,SM
S2C47588,,,,SM
S2B31133,,,,RV
R2M31198,,,,RS
S2C42550,,,,MTN
R2H28788,,,,SM
R2K10697,,,,SM
R2K11798,,,,SM
R2K43978,,,,SM
R2K45857,,,,SM
R2K45895,,,BODY,SM
R2K46472,,,,SM
R2K46816,,,,SM
R2K48068,,,,SM
R2L19562,,,,SM
R2L25497,,,,SM
R2M29766,,,,SM
R2M31082,,,,SM
R2M34238,,,,SM
S2A14538,,,,SM
S2B26704,,,,SM
S2B30717,,,,SM
R2H25365,,,,RV
R2H27142,,,,RV
R2H27142,,,,RV
R2J32456,,,,RV
R2J38350,,,,RV
R2J40189,,,,RV
R2J40517,,,,RV
R2J40790,,,,RV
R2J40790,,,,RV
R2K14087,,,,RV
R2K14087,,,,RV
R2K43595,,,,RV
R2K44672,,,,RV
R2K46083,,,,RV
R2K49227,,,,RV
R2L20762,,,,RV
S2A11874,,,,RV
S2A17030,,,,RV
S2C46613,,,,RV
S2D12164,,,,RV
R2L16962,,,BODY,RS
R2M28956,,,,RS
R2M29974,,,,RS
S2A14514,,,,RS
S2A18510,,,BODY,RS
S2B27957,,,,RS
R2K48935,,,,MTN
S2C40165,,,,MTN
S2D16416,,,,MTN
R2G12260,ANALYSIS SCRAP,,,SM
R2H29313,ANALYSIS SCRAP,,,SM
R2J37806,ANALYSIS SCRAP,,,SM
R2J40039,ANALYSIS SCRAP,,,SM
R2K44814,ANALYSIS SCRAP,,,SM
R2K47393,ANALYSIS SCRAP,,,SM
R2L26055,CONSEQUENTIAL SCRAP,,BODY,SM
R2M37078,,,,SM
R2H23011,,,BODY,RV
R2H29313,,,,RV
R2J31608,,,ESS,RV
R2J31696,,,BODY,RV
R2J35210,,,,RV
R2J37431,,,ELC,RV
R2J37806,,,,RV
R2J40649,,,,RV
R2J41090,,,,RV
R2J41307,,,,RV
R2J41328,,,,RV
R2J42561,,,,RV
R2K12958,,,,RV
R2K13145,,,,RV
R2K42771,,,,RV
R2K43550,,,,RV
R2K43625,,,,RV
R2K44009,,,,RV
R2K46407,,,,RV
R2K46613,,,,RV
R2K47634,,,,RV
R2K49551,,,BODY,RV
R2L20462,,,BODY,RV
R2L24138,,,BODY,RV
R2L25511,,,,RV
R2L26641,,,,RV
R2L27113,,,,RV
R2L27200,,,,RV
R2M28510,,,,RV
R2M28789,,,,RV
R2M29661,,,,RV
R2M30164,,,,RV
R2M30377,,,,RV
R2M30835,,,,RV
R2M30944,,,,RV
R2M32150,,,,RV
R2M33174,,,,RV
R2M33183,,,,RV
R2M33258,,,,RV
R2M33299,,,,RV
R2M33395,,,,RV
R2M33464,,,,RV
R2M33533,,,,RV
R2M33748,,,,RV
R2M34016,,,,RV
R2M34109,,,,RV
R2M34592,,,,RV
R2M34605,,,BODY,RV
R2M39279,,,,RV
S2B27957,,,,RV
S2B31133,,,,RV
S2B31133,,,,RV
S2C40076,,,,RV
R2J39084,PSC - TAMPERED,,,RS
R2J40438,,,ELC,RS
R2M33833,,,ELC,RS
S2A13871,,,ELC,RS
S2A17983,,,ELC,RS
S2A20981,,,,RS
S2A21202,,,,RS
S2A21347,,,,RS
S2B28093,,,,RS
S2C48053,PSC - TAMPERED,,,RS
R2J32446,,,,MTN
R2L24649,,,,MTN
S2A18241,,,,MTN
S2A18241,,,,MTN
S2B25074,,,ELC,MTN
R2H24318,,,,SM
R2K11700,,,,SM
R2K12982,,,,SM
R2K13731,,,,SM
R2K15326,,,,SM
R2K48746,,,,SM
R2L23330,,,,SM
R2M31654,,,,SM
R2M39468,,,,SM
S2A17443,,,,SM
S2A20333,,,,SM
S2B24559,,,,SM
R2H25175,,,,RV
R2H25175,,,,RV
R2H25175,,,,RV
R2L17053,,,,RV
R2M31888,,,,RV
S2A13139,,,,RV
S2A16049,,,,RV
S2C41005,,,,RV
S2A22831,,,,PSC
R2L23802,,,,MTN
S2A20283,,,,MTN
S2A20283,,,,MTN
S2B25433,,,,MTN
S2B25616,,,,MTN
S2C39644,,,,MTN
S2C44828,,,,MTN
R2J38726,,,ELC,RV
R2K47601,,,ELC,RV
R2M37190,,,DAC,RV
S2D20537,,,,RV
R2J39081,,,,MTN
R2M38483,,,,MTN
S2A22795,,,,MTN
S2B31917,,,,MTN
S2D16304,,,,MTN
R2G17354,,,,SM
R2H25933,DESIGN SCRAP,,,SM
R2H29282,DESIGN SCRAP,,,SM
R2J32046,DESIGN SCRAP,,BODY,SM
R2J33412,DESIGN SCRAP,,BODY,SM
R2J33742,DESIGN SCRAP,,,SM
R2J35401,DESIGN SCRAP,,,SM
R2J38208,DESIGN SCRAP,,ELC,SM
R2K10768,,,DAC,SM
R2K11020,DESIGN SCRAP,,BODY,SM
R2K11020,DESIGN SCRAP,,BODY,SM
R2K11020,DESIGN SCRAP,,BODY,SM
R2K13054,,,,SM
R2K13734,DESIGN SCRAP,,BODY,SM
R2K14522,DESIGN SCRAP,,BODY,SM
R2K15461,DESIGN SCRAP,,BODY,SM
R2K42758,DESIGN SCRAP,,BODY,SM
R2K44579,DESIGN SCRAP,,BODY,SM
R2K45075,DESIGN SCRAP,,,SM
R2K48429,DESIGN SCRAP,,,SM
R2K48429,DESIGN SCRAP,,,SM
R2K48429,DESIGN SCRAP,,,SM
R2L24669,DESIGN SCRAP,,BODY,SM
R2L26711,DESIGN SCRAP,,BODY,SM
R2M29150,DESIGN SCRAP,,,SM
R2M30296,,,,SM
R2M34158,DESIGN SCRAP,,BODY,SM
R2M34158,DESIGN SCRAP,,BODY,SM
R2M34158,DESIGN SCRAP,,BODY,SM
R2M34158,DESIGN SCRAP,,BODY,SM
R2M34158,DESIGN SCRAP,,BODY,SM
R2M34158,DESIGN SCRAP,,BODY,SM
R2M34158,DESIGN SCRAP,,BODY,SM
R2M38365,DESIGN SCRAP,,BODY,SM
R2M39499,DESIGN SCRAP,,BODY,SM
R2M39499,DESIGN SCRAP,,BODY,SM
R2M39499,DESIGN SCRAP,,BODY,SM
S2A14189,DESIGN SCRAP,,,SM
S2A14189,DESIGN SCRAP,,,SM
S2A17322,DESIGN SCRAP,,,SM
S2A19064,DESIGN SCRAP,,BODY,SM
S2B25074,CONSEQUENTIAL SCRAP,,ELC,SM
25545514,,25545514.0,,RV
R2G16653,,,HVAC,RV
R2G17336,VENDOR DEBIT,,DAC,RV
R2H23541,,,,RV
R2H25175,VENDOR DEBIT,,,RV
R2H25866,,,,RV
R2H29619,VENDOR DEBIT,,DAC,RV
R2J36058,,,BODY,RV
R2J36088,,,BODY,RV
R2J37724,,,HVAC,RV
R2J38183,,,HVAC,RV
R2J38533,,,,RV
R2J39872,,,BODY,RV
R2J40255,,,HVAC,RV
R2J40334,,,BODY,RV
R2J40990,,,,RV
R2J41687,,,HVAC,RV
R2K45090,,,BODY,RV
R2K45956,,,BODY,RV
R2K46526,,,BODY,RV
R2K46816,,,HVAC,RV
R2K48312,,,,RV
R2K48506,,,,RV
R2L17166,,,HVAC,RV
R2L17988,,,HVAC,RV
R2L19641,,,ELC,RV
R2L20430,,,HVAC,RV
R2L20996,,,HVAC,RV
R2L21730,,,,RV
R2L23603,,,,RV
R2L27047,,,,RV
R2L27543,,,BODY,RV
R2M28758,,,,RV
R2M28963,,,HVAC,RV
R2M29583,,,,RV
R2M31292,,,HVAC,RV
R2M32833,,,BODY,RV
R2M33418,,,BODY,RV
R2M33622,,,,RV
R2M34409,,,,RV
R2M34484,,,,RV
R2M34493,,,BODY,RV
R2M34990,,,,RV
R2M37635,,,,RV
R2M38947,,,,RV
S2A17535,,,,RV
S2A18723,,,,RV
S2B23119,,,,RV
S2C37908,,,,RV
R2J33701,,,,RS
R2M37078,,,,RS
R2M37078,,,,RS
R2L25541,,,,MTN
R2M35094,,,,MTN
R2M37310,,,ELC,MTN
S2A16940,,,,MTN
S2B28921,,,,MTN
S2C42353,,,,MTN
S2C46578,,,,MTN
S2D17450,,,,MTN
S2D17450,,,,MTN
R2H22457,,,,RV
R2J31155,,,,RV
R2L17070,,,,RV
R2L24293,,,ELC,RV
R2M34421,,,,RV
S2A22252,,,,RV
S2A16100,,,ELC,RS
S2B30889,,,,RS
R2J34198,,,,MTN
R2J36197,,,ELC,MTN
R2K10722,,,,MTN
R2L26262,,,ELC,MTN
R2M28785,,,,MTN
R2M36710,,,HVAC,MTN
S2C40145,,,,MTN
R2H24256,,,HVAC,Hold
R2J37498,,,DAC,MTN
R2J37498,,,DAC,MTN
R2K45157,,,,MTN
R2K45157,,,,MTN
R2L17053,,,,MTN
R2L17053,,,,MTN
R2L17092,,,DAC,MTN
R2L17092,,,DAC,MTN
R2M32909,,,DAC,MTN
R2M32909,,,DAC,MTN
S2B26625,,,DAC,MTN
S2B33061,,,,MTN
S2A10460,,,BODY,SM
R2J33314,,,,RS
S2B28093,,,,RS
S2C40165,,,,RS
R2J39783,,,BODY,MTN
R2K11638,,,,MTN
R2K14652,,,BODY,MTN
S2B31985,,,,MTN
R2L17508,,,,RV
S2A16574,,,,RV
R2J33314,,,,PSC
R2K11638,,,,PSC
R2K42760,,,,MTN
R2H28462,,,,SM
R2H29363,,,ELC,SM
R2J33462,,,,SM
R2J38711,,,ELC,SM
R2J42584,,,ELC,SM
R2K10899,,,ELC,SM
R2K12244,,,,SM
R2K44747,,,,SM
R2K45325,,,,SM
R2K45433,,,,SM
R2L16721,,,ELC,SM
R2L20466,,,ELC,SM
R2L21042,,,,SM
R2M30541,,,,SM
R2M33753,,,ELC,SM
R2M37353,,,,SM
R2M38724,,,ELC,SM
S2A18983,,,,SM
S2A19625,,,,SM
S2B25053,,,ELC,SM
R2G16653,,,,RV
R2G16653,,,,RV
R2G18381,,,PDT,RV
R2H22546,,,,RV
R2J39680,,,,RV
R2J40517,,,,RV
R2J42414,,,ELC,RV
R2K10492,,,ELC,RV
R2K10565,,,,RV
R2K12816,,,,RV
R2K44370,,,,RV
R2K44597,,,,RV
R2K44926,,,,RV
R2K46083,,,,RV
R2K46083,,,ELC,RV
R2K46367,,,,RV
R2L16523,,,,RV
R2L17790,,,DAC,RV
R2L20201,,,,RV
R2M31012,,,,RV
R2M34484,,,,RV
S2A15987,,,DAC,RV
S2A15987,,,DAC,RV
S2A16988,,,,RV
S2A19940,,,DAC,RV
S2B28211,,,,RV
S2C37092,,,,RV
S2D12302,,,,RV
R2H22501,,,,PSC
R2M28409,,,ELC,MTN
R2M30458,,,,MTN
S2A13594,,,,MTN
R2K43615,,24322181.0,BRK,
R2H26736,,24446562.0,SUS,
R2K14252,,24532838.0,BRK,
R2K42774,,24581737.0,ELC,
R2K46690,,24814602.0,ELC,
R2J34735,,24893238.0,SUS,
R2L21760,,24895835.0,BRK,
R2H26711,,24909433.0,BRK,
S2A13339,,25085297.0,ELC,
R2M37654,,25182329.0,SUS,
R2K14161,,,,RV
S2A20849,,,,RV
S2B29147,,,,RV
R2K15121,,,,PSC
R2K46179,,,ELC,PSC
S2C42447,,,,PSC
S2C42667,,,,MTN
S2C43851,,,,MTN
R2J36950,ANALYSIS SCRAP,,ELC,SM
R2K13036,CQS,,ELC,SM
R2K13036,CQS,,ELC,SM
R2K13036,CQS,,ELC,SM
R2L24981,ANALYSIS SCRAP,,ELC,SM
R2L25865,ANALYSIS SCRAP,,HVAC,SM
R2M29717,SENT ON PRO FORMA,,ELC,SM
R2H23821,ACCEPT,,ELC,RV
R2H23821,ACCEPT,,ELC,RV
R2J38283,ACCEPT,,ELC,RV
R2J38283,ACCEPT,,ELC,RV
R2J38672,,,ELC,RV
R2J41978,ACCEPT,,ELC,RV
R2K47393,ACCEPT,,ELC,RV
R2K49306,ACCEPT,,DAC,RV
R2K49703,ACCEPT,,ELC,RV
R2M34314,ACCEPT,,BODY,RV
R2M34999,ACCEPT,,ELC,RV
S2C43606,ACCEPT,,ESS,RV
S2C46206,ACCEPT,,ELC,RV
R2K48285,PSC - DAMAGED,,ELC,RS
R2L28242,PSC - DNR,,DAC,RS
S2B30968,PSC - DAMAGED,,DAC,RS
R2J32667,,,DAC,Pending
R2J40793,SENT ON PRO FORMA,,ELC,MTN
R2K44103,SENT ON PRO FORMA,,DAC,MTN
S2B25680,SENT ON PRO FORMA,,ELC,MTN
S2B30999,SENT ON PRO FORMA,,HVAC,MTN
S2C38963,SENT ON PRO FORMA,,BODY,MTN
S2C39499,SENT ON PRO FORMA,,ESS,MTN
R2J32271,ANALYSIS SCRAP,24974788.0,ELC,
S2A18477,PSC - DAMAGED,25119498.0,BOD,
R2G11820,CQS,25121487.0,ELC,
R2G11820,CQS,25121487.0,ELC,
R2M32853,CQS,25184374.0,ELC,
R2J35792,ANALYSIS SCRAP,,ELC,SM
R2J40591,ANALYSIS SCRAP,,BODY,SM
R2J41924,ANALYSIS SCRAP,,BODY,SM
R2K13632,ANALYSIS SCRAP,,BODY,SM
R2L18030,ANALYSIS SCRAP,,ELC,SM
R2L20723,ANALYSIS SCRAP,,BODY,SM
R2H21444,ACCEPT,,ELC,RV
R2J35490,ACCEPT,,BODY,RV
R2J40976,ACCEPT,,BODY,RV
R2J41361,,,BODY,RV
R2K10899,ACCEPT,,ELC,RV
R2K11830,ACCEPT,,HVAC,RV
R2K14173,ACCEPT,,ELC,RV
R2K46628,ACCEPT,,BODY,RV
R2K46811,ACCEPT,,ELC,RV
R2L26955,MANUAL Debit,,BODY,RV
R2M33041,MANUAL Debit,,BODY,RV
R2M33390,MANUAL Debit,,BODY,RV
R2M35485,MANUAL Debit,,BODY,RV
R2M37579,MANUAL Debit,,BODY,RV
S2A10089,ACCEPT,,HVAC,RV
R2J31764,PSC-TAMPERED,,ELC,RS
R2J34331,PSC-TAMPERED,,ELC,RS
R2J39131,PSC-TAMPERED,,ELC,RS
R2J40389,PSC - DNR,,BODY,RS
R2K11153,PSC-TAMPERED,,DAC,RS
R2K11816,PSC-TAMPERED,,ELC,RS
R2K15134,PSC - DAMAGED,,BODY,RS
R2M34465,PSC - Incorrect service,,BODY,RS
S2B33000,PSC-TAMPERED,,ELC,RS
R2G16282,SENT ON PRO FORMA,,ELC,MTN
R2J36755,SENT ON PRO FORMA,,ESS,MTN
R2K13036,SENT ON PRO FORMA,,ELC,MTN
R2L19197,SENT ON PRO FORMA,,ESS,MTN
R2L25843,SENT ON PRO FORMA,,BODY,MTN
R2M33320,SENT ON PRO FORMA,,BODY,MTN
R2M34314,SENT ON PRO FORMA,,BODY,MTN
S2A13851,SENT ON PRO FORMA,,BODY,MTN
S2C35810,SENT ON PRO FORMA,,ELC,MTN
R2J40125,ACCEPT,24965635.0,BOD,
R2J40105,ACCEPT,24965636.0,BOD,
R2J40003,MANUAL Debit,24915470.0,ELC,
R2L16670,PSC - DNR,24838336.0,CLU,
R2J35758,ACCEPT,,ELC,RV
S2B32815,ACCEPT,,ELC,RV
R2L22562,,,DAC,Pending
S2B24401,SENT ON PRO FORMA,,ESS,MTN
R2M37947,SENT ON PRO FORMA,,ELC,MTN
S2A15267,SENT ON PRO FORMA,,ELC,MTN
S2C42853,SENT ON PRO FORMA,,ELC,MTN
R2J31095,ANALYSIS SCRAP,,ELC,SM
R2J31696,ANALYSIS SCRAP,,BODY,SM
R2J36454,ANALYSIS SCRAP,,BODY,SM
R2J37580,ANALYSIS SCRAP,,BODY,SM
R2K45155,ANALYSIS SCRAP,,BODY,SM
R2L18030,ANALYSIS SCRAP,,ELC,SM
S2B30056,CQS,,HVAC,SM
R2J32230,ACCEPT,,ELC,RV
R2J36313,ACCEPT,,ELC,RV
R2K14942,ACCEPT,,ELC,RV
R2K45483,ACCEPT,,BODY,RV
R2K45636,,,ELC,RV
R2K46058,ACCEPT,,ELC,RV
R2L16750,ACCEPT,,ELC,RV
R2L18872,ACCEPT,,ELC,RV
R2L27115,MANUAL Debit,,ELC,RV
R2M33142,MANUAL Debit,,BODY,RV
R2M34112,MANUAL Debit,,BODY,RV
R2M34598,MANUAL Debit,,BODY,RV
S2B34221,ACCEPT,,ELC,RV
R2H28541,PSC - DNR,,BODY,RS
R2M37078,PSC - DAMAGED,,BODY,RS
R2J33250,,,DAC,Pending
S2B26179,SENT ON PRO FORMA,,HVAC,MTN
S2B28921,SENT ON PRO FORMA,,HVAC,MTN
S2B30056,SENT ON PRO FORMA,,HVAC,MTN
S2C37607,SENT ON PRO FORMA,,HVAC,MTN
R2J32888,ACCEPT,,ELC,RV
R2J33086,ACCEPT,,ELC,RV
R2K43260,ACCEPT,,ELC,RV
R2K45660,ACCEPT,,ELC,RV
R2K45682,ACCEPT,,ELC,RV
R2L23398,ACCEPT,,BODY,RV
S2A15664,ACCEPT,,ELC,RV
S2A19669,ACCEPT,,ELC,RV
S2A19782,ACCEPT,,ELC,RV
S2B25841,ACCEPT,,ELC,RV
S2C36425,ACCEPT,,ELC,RV
R2J41084,PSC-TAMPERED,,ELC,RS
R2K11151,PSC-TAMPERED,,ELC,RS
R2K46011,PSC-TAMPERED,,ELC,RS
R2K49483,PSC-TAMPERED,,DAC,RS
R2M30576,PSC-TAMPERED,,DAC,RS
S2A15025,PSC - DAMAGED,,ELC,RS
S2B24691,PSC-TAMPERED,,ELC,RS
R2M32157,,,ELC,Pending
R2M32157,,,ELC,Pending
S2A16800,SENT ON PRO FORMA,,ELC,MTN
S2C35810,SENT ON PRO FORMA,,ESS,MTN
R2G16282,DESIGN SCRAP,,ELC,Pending
R2J39270,ACCEPT,,ELC,RV
R2J39270,ACCEPT,,ELC,RV
R2H29619,PSC - DAMAGED,,DAC,RS
R2H21214,ACCEPT,,HVAC,RV
R2K15119,ACCEPT,,HVAC,RV
R2K48406,ACCEPT,25104235.0,BOD,
R2L21101,PSC - DAMAGED,,BODY,RS
R2J39194,INHOUSE SCRAP,24708536.0,ELC,
R2H26339,ACCEPT,,ELC,RV
R2H27737,ACCEPT,,ELC,RV
R2K11573,ACCEPT,,ELC,RV
R2K46486,ACCEPT,,ELC,RV
R2L24464,ACCEPT,,ELC,RV
R2J33819,SENT ON PRO FORMA,,ELC,MTN
R2J36453,SENT ON PRO FORMA,,ELC,MTN
R2K47196,SENT ON PRO FORMA,,ELC,MTN
R2L17879,SENT ON PRO FORMA,,ELC,MTN
R2L27923,SENT ON PRO FORMA,,ELC,MTN
R2L28257,SENT ON PRO FORMA,,ELC,MTN
R2M29072,SENT ON PRO FORMA,,ELC,MTN
R2M30865,SENT ON PRO FORMA,,ELC,MTN
S2B28133,SENT ON PRO FORMA,,ELC,MTN
R2K49520,ACCEPT,25071667.0,ELC,
R2J40548,ACCEPT,25067737.0,ELC,
R2H24209,ACCEPT,25085782.0,ELC,
R2M31702,ACCEPT,,DAC,RV
R2M37190,,,DAC,Pending
R2H26512,SENT ON PRO FORMA,,ESS,MTN
R2J38154,SENT ON PRO FORMA,,DAC,MTN
S2C41009,SENT ON PRO FORMA,,ESS,MTN
R2K45050,SENT ON PRO FORMA,,PDT,MTN
R2K47823,ANALYSIS SCRAP,,BODY,SM
R2K48970,ANALYSIS SCRAP,,BODY,SM
R2M36710,CQS,,HVAC,SM
R2J32046,ACCEPT,,HVAC,RV
R2J33707,ACCEPT,,HVAC,RV
R2J36973,ACCEPT,,HVAC,RV
R2L24028,ACCEPT,,HVAC,RV
R2L27465,ACCEPT,,BODY,RV
S2A16060,ACCEPT,,ELC,RV
S2A17241,ACCEPT,,HVAC,RV
S2C35355,ACCEPT,,ELC,RV
R2J39263,PSC - DNR,,BODY,RS
R2K44572,,,BODY,RS
S2A10462,SENT ON PRO FORMA,,ELC,MTN
R2J32930,DNR,,BODY,SM
R2J34270,SM,,ELC,SM
R2M32688,DNR,,ELC,SM
R2M37101,DNR,,ELC,SM
R2K45000,ACCEPT,,BODY,RV
R2L18124,ACCEPT,,ELC,RV
R2M34509,MANUAL Debit,,BODY,RV
R2M35077,ZAFT - Affected Part Debit,,BODY,RV
S2B31463,ACCEPT,,ELC,RV
R2H26143,CQS,,HVAC,Pending
S2B27782,PSC - DAMAGED,,ELC,Pending
S2A21244,SENT ON PRO FORMA,,DAC,MTN
R2K46364,ACCEPT,24449541.0,BOD,
R2J42177,ACCEPT,24489301.0,BOD,
R2J40914,ACCEPT,24529147.0,BOD,
R2J40469,ACCEPT,24557023.0,BOD,
R2J40404,ACCEPT,24563828.0,ELC,
R2J38641,ACCEPT,24563849.0,BOD,
R2K46952,ACCEPT,24565272.0,BOD,
R2K47687,ACCEPT,24667130.0,BOD,
R2J40692,ACCEPT,24627274.0,BOD,
R2K43597,ACCEPT,24741548.0,BOD,
R2J39848,ACCEPT,24894357.0,BOD,
R2K48206,ACCEPT,24922549.0,BOD,
R2J39316,ACCEPT,24961528.0,BOD,
R2K46719,ACCEPT,24979688.0,BOD,
R2J32845,ACCEPT,25032041.0,ELC,
R2M34492,MANUAL Debit,25131169.0,BOD,
R2M34335,MANUAL Debit,24894489.0,BOD,
R2K44908,ACCEPT,25014846.0,BOD,
R2L16473,ZAFT - Affected Part Debit,25113932.0,BOD,
R2M34951,MANUAL Debit,25197795.0,BOD,
R2M34430,ACCEPT,25203113.0,ELC,
R2M34445,MANUAL Debit,25213099.0,BOD,
R2M33210,ZAFT - Affected Part Debit,25224171.0,BOD,
R2M31230,ACCEPT,,ELC,RV
R2H23229,ACCEPT,,ELC,RV
R2H25473,ACCEPT,,ELC,RV
R2K47189,ACCEPT,,ELC,RV
R2L17102,ACCEPT,,ELC,RV
S2A20508,ACCEPT,,BODY,RV
S2A15630,SENT ON PRO FORMA,,DAC,MTN
R2K12438,DNR,,ELC,SM
R2K13632,DNR,,BODY,SM
R2K45272,DNR,,BODY,SM
R2L22234,DNR,,BODY,SM
R2H25491,ACCEPT,,ELC,RV
R2H25491,ACCEPT,,ELC,RV
R2K47126,PSC - DNR,,ELC,RS
R2J40435,SENT ON PRO FORMA,,HVAC,MTN
R2K43343,SENT ON PRO FORMA,,DAC,MTN
R2K49170,SEND FOR ANALYSIS,,ELC,MTN
R2L16962,SENT ON PRO FORMA,,DAC,MTN
R2L16962,SENT ON PRO FORMA,,DAC,MTN
R2M33469,SENT ON PRO FORMA,,DAC,MTN
R2M34939,SENT ON PRO FORMA,,DAC,MTN
R2M35556,SENT ON PRO FORMA,,ELC,MTN
S2A15630,SENT ON PRO FORMA,,DAC,MTN
R2J34569,ACCEPT,25049030.0,ELC,
R2J32751,PSC - DNR,,PDT,RV
R2J40341,ACCEPT,,ELC,RV
R2K44609,ACCEPT,,ELC,RV
R2L26487,ACCEPT,,HVAC,RV
R2M34908,ACCEPT,,ELC,RV
S2A18572,ACCEPT,,ELC,RV
S2B23583,ACCEPT,,ELC,RV
S2B25420,ACCEPT,,ELC,RV
S2B25969,ACCEPT,,ELC,RV
R2J34279,PSC - Incorrect service,,ELC,RS
R2J40274,SENT ON PRO FORMA,,ELC,RS
R2K46016,PSC-TAMPERED,,ELC,RS
R2L23744,PSC - DAMAGED,,ELC,RS
R2K48562,,,ELC,Pending
R2L19424,SENT ON PRO FORMA,,DAC,MTN
S2A21406,SENT ON PRO FORMA,,ELC,MTN
S2A22592,SENT ON PRO FORMA,,ELC,MTN
R2K46648,,24992845.0,EXH,
S2C36716,CQS,,HVAC,SM
S2C40343,CQS,,HVAC,SM
R2M33150,,,DAC,Pending
R2M34711,ACCEPT,,ELC,RV
R2M39016,ACCEPT,,ELC,RV
R2J41860,PSC - DAMAGED,,ELC,RS
R2K13614,PSC - DAMAGED,,ELC,RS
R2J32751,,,PDT,Pending
R2L22955,ANALYSIS SCRAP,24934446.0,ELC,
R2G14401,DNR,,BODY,SM
R2L20268,DNR,,BODY,SM
R2J34833,ACCEPT,,ELC,RV
R2J36795,ACCEPT,,ELC,RV
R2J37056,ACCEPT,,ELC,RV
R2J37916,ACCEPT,,ELC,RV
R2K10666,ACCEPT,,ELC,RV
R2K43060,ACCEPT,,ELC,RV
R2K45536,ACCEPT,,ELC,RV
R2K45722,ACCEPT,,ELC,RV
R2K47440,ACCEPT,,ELC,RV
R2L17146,ACCEPT,,BODY,RV
R2L22445,ACCEPT,,ELC,RV
R2M30587,ACCEPT,,ELC,RV
R2M32853,ACCEPT,,ELC,RV
R2M33015,ZAFT - Affected Part Debit,,ELC,RV
R2M34064,ZAFT - Affected Part Debit,,BODY,RV
R2M34441,ZAFT - Affected Part Debit,,ELC,RV
R2M34854,ZAFT - Affected Part Debit,,BODY,RV
S2A11847,ACCEPT,,ELC,RV
S2A15191,ACCEPT,,ELC,RV
R2J39397,PSC-TAMPERED,,ELC,RS
R2K44316,SENT ON PRO FORMA,,ELC,MTN
R2L21785,SENT ON PRO FORMA,,ELC,MTN
R2M32247,SEND FOR ANALYSIS,,DAC,MTN
S2A12589,SENT ON PRO FORMA,,HVAC,MTN
R2M31709,ACCEPT,25012018.0,ELC,
R2L23214,ACCEPT,25121051.0,BOD,
R2H28541,ACCEPT,25149243.0,ELC,
R2L18881,CQS,24952911.0,WHT,
R2K49270,ACCEPT,24996186.0,ELC,
R2K43620,ACCEPT,25021741.0,ELC,
R2K43620,ACCEPT,25021741.0,ELC,
R2J40548,ACCEPT,25067737.0,ELC,
R2L17112,ACCEPT,25095564.0,ELC,
R2L18298,ACCEPT,25097328.0,ELC,
R2M38048,ACCEPT,25097969.0,STG,
R2H25320,ACCEPT,25098651.0,ELC,
R2G11820,CQS,25121487.0,ELC,
R2J40967,ACCEPT,25146797.0,ELC,
R2K10866,SENT ON PRO FORMA,25164178.0,HVA,
R2J36795,ACCEPT,,HVAC,RV
R2J37379,ACCEPT,,ELC,RV
R2K12364,ACCEPT,,ELC,RV
R2L25591,ACCEPT,,HVAC,RV
R2M29460,ACCEPT,,ELC,RV
R2M37122,ACCEPT,,ELC,RV
S2A15395,ACCEPT,,ELC,RV
R2K10656,PSC-TAMPERED,,ELC,RS
R2K43343,PSC - DNR,,ELC,RS
R2K43973,PSC-TAMPERED,,ELC,RS
R2L25861,PSC-TAMPERED,,ELC,RS
R2K12603,SENT ON PRO FORMA,,ELC,MTN
R2L26381,SENT ON PRO FORMA,,HVAC,MTN
R2M33150,SENT ON PRO FORMA,,DAC,MTN
R2M33150,SENT ON PRO FORMA,,DAC,MTN
S2A11367,PSC - DNR,25012055.0,ELC,
R2K43175,ACCEPT,24715838.0,ELC,
S2A13263,PSC - DAMAGED,25085568.0,ELC,
R2L20161,ACCEPT,25043310.0,ELC,
R2M33527,SENT ON PRO FORMA,25097053.0,IFT,
R2M36710,CQS,,HVAC,SM
R2M36710,CQS,,HVAC,SM
R2J40421,PSC - DNR,24933023.0,EXH,
R2J37599,DNR,,ELC,SM
R2J39383,DNR,,BODY,SM
R2K49790,DNR,,BODY,SM
R2M38365,SENT ON PRO FORMA,,DAC,MTN
S2A19407,SENT ON PRO FORMA,,HVAC,MTN
R2K44004,SENT ON PRO FORMA,24647064.0,ELC,
R2K10427,ACCEPT,24885936.0,BOD,
R2K44004,PSC - Incorrect service,24975377.0,ELC,
R2M31102,ACCEPT,25002092.0,BOD,
R2L28161,,25011956.0,ELC,
S2A11800,ACCEPT,25033230.0,BOD,
R2M33370,ACCEPT,25139609.0,BOD,
R2J32068,PSC - Incorrect service,24891282.0,ELC,
R2L18554,SENT ON PRO FORMA,25073659.0,STG,
S2A10683,ACCEPT,25160899.0,BOD,
S2A14106,SENT ON PRO FORMA,25163525.0,FUE,
S2A22391,PSC - Incorrect service,25201091.0,ELC,
R2G17623,ACCEPT,,HVAC,RV
R2K10089,ACCEPT,,ELC,RV
R2K14215,ACCEPT,,HVAC,RV
R2K49790,ACCEPT,,BODY,RV
R2M33071,PSC - DNR,,ELC,RS
R2M34852,,,ESS,Pending
R2G11353,SENT ON PRO FORMA,,DAC,MTN
R2L22787,SENT ON PRO FORMA,,DAC,MTN
R2L22787,SENT ON PRO FORMA,,DAC,MTN
R2L22787,SENT ON PRO FORMA,,DAC,MTN
S2A17476,SENT ON PRO FORMA,,ELC,MTN
R2L21784,DNR,24972829.0,BOD,
R2K15622,PSC - DNR,25016378.0,BOD,
S2A10765,ACCEPT,25102948.0,CLN,
R2H30043,DNR,24883854.0,BOD,
R2J40586,ANALYSIS SCRAP,24924223.0,ELC,
R2L17053,SENT ON PRO FORMA,24993198.0,STG,
R2L17053,SENT ON PRO FORMA,24993198.0,STG,
R2K48749,PSC-TAMPERED,25017416.0,ELC,
R2M32485,PSC - DNR,25183457.0,BOD,
R2J33360,ANALYSIS SCRAP,24549041.0,ELC,
R2J33360,ANALYSIS SCRAP,24549041.0,ELC,
R2K47316,ACCEPT,24586668.0,EXH,
R2K49773,ACCEPT,24566907.0,EXH,
R2K45155,ANALYSIS SCRAP,25016775.0,ELC,
R2K43434,ANALYSIS SCRAP,25091912.0,ELC,
R2L20996,,25108478.0,SAF,
R2H29313,DNR,24925952.0,BOD,
R2H22031,ACCEPT,24958545.0,ELC,
R2K44593,PSC-TAMPERED,24972266.0,ELC,
R2H22062,PSC-TAMPERED,25011673.0,ELC,
R2K49013,,25033580.0,BRK,
R2J33763,DNR,25046758.0,ELC,
R2K46667,DNR,25054739.0,BOD,
R2H19237,DNR,25073658.0,BOD,
R2J35072,PSC - DAMAGED,25080270.0,HVA,
R2K48406,INHOUSE SCRAP,25104235.0,BOD,
S2A13985,ACCEPT,25150468.0,HVA,
R2K13150,DNR,25153527.0,BOD,
S2A20553,CQS,25155939.0,HVA,
R2K15485,SENT ON PRO FORMA,25156442.0,HVA,
R2K44220,ACCEPT,25211678.0,HVA,
S2B28168,SENT ON PRO FORMA,25141978.0,SAF,
R2K43973,PSC-TAMPERED,24958093.0,ELC,
R2H29304,PSC-TAMPERED,25012888.0,ELC,
S2A20553,CQS,25155939.0,HVA,
R2J37256,PSC-TAMPERED,25160997.0,ELC,
S2A15248,SENT ON PRO FORMA,25176717.0,IFT,
R2H29262,SENT ON PRO FORMA,24794059.0,STG,
R2J35363,SENT ON PRO FORMA,24913250.0,STG,
R2L22881,,24938103.0,HVA,
R2M29407,PSC-TAMPERED,25192834.0,ELC,
R2J32298,ACCEPT,25036356.0,ELC,
R2H30523,ACCEPT,24922967.0,ELC,
R2K43864,ACCEPT,25180062.0,STG,
R2H25830,ACCEPT,24864060.0,IFT,
R2L22881,SENT ON PRO FORMA,24938103.0,HVA,
R2J38026,SENT ON PRO FORMA,25055062.0,HVA,
R2M28617,ACCEPT,25013024.0,ELC,
R2K15186,INHOUSE SCRAP,25033820.0,ELC,
R2J32562,SENT ON PRO FORMA,24618795.0,SAF,
R2M30732,,24902753.0,BOD,
R2M31763,SENT ON PRO FORMA,25113720.0,ELC,
R2M30260,ACCEPT,25035044.0,ELC,
R2K48602,ACCEPT,25063221.0,ELC,
R2L16473,,25113933.0,BOD,
R2J39513,ACCEPT,25149046.0,IFT,
R2M30892,PSC-TAMPERED,25159237.0,BRK,
R2K44625,ACCEPT,25160805.0,ELC,
R2M31445,SENT ON PRO FORMA,25164012.0,ELC,
R2J37852,ACCEPT,25164263.0,ELC,
R2L22881,CQS,24938103.0,HVA,
R2K45806,CQS,25025081.0,HVA,
R2H29724,PSC-TAMPERED,25036919.0,ELC,
R2M39395,ACCEPT,25078755.0,BOD,
R2J33890,PSC-TAMPERED,25053761.0,BRK,
R2J38026,CQS,25055062.0,HVA,
R2M31185,ACCEPT,25123668.0,HVA,
R2J32456,ANALYSIS SCRAP,24584914.0,BOD,
R2H30592,ANALYSIS SCRAP,24780975.0,BOD,
R2K44067,PSC - DNR,24925816.0,ELC,
R2K44067,PSC - DNR,24925816.0,ELC,
R2J33489,INHOUSE SCRAP,24970658.0,ELC,
R2M34492,ANALYSIS SCRAP,25131169.0,BOD,
R2K48364,PSC - INCOMPLETE,25137072.0,BOD,
R2K44234,INHOUSE SCRAP,25149364.0,BOD,
R2H28068,ACCEPT,24790319.0,IFT,
R2L18111,ACCEPT,24854135.0,ELC,
R2K45439,ACCEPT,24854142.0,ELC,
R2K45477,PSC - DNR,24902404.0,ELC,
R2L17070,PSC - Incorrect service,25116236.0,BRK,
R2J38026,CQS,25055062.0,HVA,
R2J38786,INHOUSE SCRAP,24912315.0,ELC,
R2M28318,INHOUSE SCRAP,24976680.0,ELC,
S2A10683,ACCEPT,25070776.0,HVA,
R2J35574,PSC-TAMPERED,25075318.0,ELC,
S2A14403,,25083172.0,ELC,
S2A11058,ACCEPT,25086911.0,HVA,
R2K43885,ACCEPT,25102468.0,HVA,
S2A14010,ACCEPT,25118776.0,HVA,
S2A11058,ACCEPT,25129624.0,HVA,
R2J40869,PSC-TAMPERED,25143533.0,ELC,
R2L25325,PSC-TAMPERED,25161352.0,BRK,
R2K44219,ANALYSIS SCRAP,24597115.0,IFT,
R2K12305,ANALYSIS SCRAP,24854803.0,ELC,
R2K15616,PSC - DAMAGED,24904343.0,IFT,
R2M30267,ANALYSIS SCRAP,24910918.0,ELC,
R2J33338,ANALYSIS SCRAP,24949363.0,ELC,
R2M30710,ACCEPT,24970588.0,IFT,
R2L20525,ANALYSIS SCRAP,24988844.0,ELC,
R2L24373,ANALYSIS SCRAP,24923321.0,ELC,
R2K14371,SENT ON PRO FORMA,25056246.0,ELC,
R2K49487,PSC - INCOMPLETE,25063700.0,IFT,
R2J39045,ACCEPT,25131553.0,ELC,
R2K46021,CQS,25080423.0,ELC,
R2L22403,DESIGN SCRAP,25082381.0,ELC,
R2M35105,ACCEPT,24827185.0,BOD,
R2K49571,ACCEPT,24870126.0,ELC,
R2K47393,ACCEPT,24878538.0,ELC,
R2M32338,ACCEPT,24901928.0,ELC,
R2J31866,PSC - DNR,24909405.0,ELC,
R2K44911,ACCEPT,24918888.0,ELC,
R2K44067,PSC - DAMAGED,24925816.0,ELC,
R2K46989,PSC - DNR,24932261.0,ELC,
R2K46020,PSC - DNR,24943570.0,ELC,
R2M37507,SENT ON PRO FORMA,24955560.0,BOD,
R2M33070,ACCEPT,24966074.0,BOD,
R2L21585,ACCEPT,24975946.0,BOD,
R2K11960,PSC - DAMAGED,25004490.0,BOD,
R2M29707,,25023832.0,ELC,
R2J41031,ACCEPT,24924711.0,ELC,
R2H25709,ACCEPT,24950483.0,ELC,
R2J34413,ACCEPT,24966400.0,ELC,
R2M32130,ACCEPT,25041390.0,ELC,
S2A22826,ACCEPT,25046252.0,ELC,
R2J31695,ACCEPT,25047050.0,ELC,
R2K49832,SENT ON PRO FORMA,25066805.0,ELC,
R2G18145,PSC - DNR,25074688.0,BOD,
R2M30515,ACCEPT,25077494.0,ELC,
R2L27746,SENT ON PRO FORMA,25079027.0,HVA,
S2A21036,SENT ON PRO FORMA,25079932.0,BOD,
S2A13172,SENT ON PRO FORMA,25080880.0,HVA,
S2A16777,ACCEPT,25082272.0,ELC,
S2A16777,ACCEPT,25082272.0,ELC,
R2K43721,PSC - DNR,24587343.0,ELC,
R2L16971,ACCEPT,24792609.0,FUE,
R2L23263,SENT ON PRO FORMA,24908006.0,ELC,
R2K44891,PSC-TAMPERED,24908227.0,BRK,
R2K46038,PSC - DNR,24915626.0,ELC,
R2K14035,DNR,24939075.0,HVA,
R2M32259,ACCEPT,24951188.0,ELC,
R2L23479,ACCEPT,25007441.0,FUE,
R2M33748,DNR,25020163.0,HVA,
S2A13063,PSC - DNR,25009389.0,ELC,
R2M32310,ACCEPT,25017226.0,HVA,
R2K13306,ACCEPT,25023679.0,HVA,
R2M33538,SENT ON PRO FORMA,25056021.0,FUE,
R2M33538,SENT ON PRO FORMA,25056021.0,FUE,
S2A14120,ACCEPT,25075609.0,HVA,
R2H28147,ACCEPT,24916877.0,ELC,
R2J33154,PSC - DNR,24593476.0,BOD,
R2J33109,PSC - DNR,24685300.0,BOD,
R2K46887,PSC - DNR,24745269.0,ELC,
R2J36417,PSC - DNR,24754950.0,BOD,
R2K44882,PSC - DNR,24781573.0,BOD,
R2J32139,PSC - DNR,24817489.0,BOD,
R2J37787,PSC - INCOMPLETE,24826067.0,ELC,
R2J32345,PSC - DNR,24832449.0,BOD,
R2K43334,PSC - DNR,24850317.0,BOD,
R2K43202,PSC - DNR,24864077.0,BOD,
R2K47557,PSC - DNR,24890780.0,ELC,
R2H28945,ACCEPT,24703301.0,HVA,
R2J41688,PSC - DNR,24728425.0,ELC,
R2J38846,PSC - DNR,24820799.0,BOD,
R2J38132,PSC - DNR,24830147.0,BOD,
R2K42750,PSC - DNR,24857968.0,BOD,
R2K45487,PSC - DNR,24858158.0,BOD,
R2J41818,PSC - DNR,24931411.0,BOD,
R2J42119,PSC - DNR,24986653.0,BOD,
R2K12154,PSC - DNR,25000365.0,ELC,
R2K11942,PSC-TAMPERED,24873409.0,ELC,
R2K10050,PSC - Incorrect service,24969023.0,ELC,
R2L23276,ACCEPT,25012315.0,ELC,
R2M30977,ACCEPT,25018901.0,ELC,
R2M36171,ACCEPT,24912994.0,ELC,
S2A10650,POLICY MISMATCH,25014830.0,ELC,
R2J35348,ACCEPT,24690057.0,CLN,
R2J38034,ACCEPT,24668671.0,IFT,
R2K14068,ACCEPT,24795367.0,IFT,
R2G18203,ACCEPT,24887008.0,ELC,
R2K44493,ACCEPT,24922727.0,ELC,
R2J40932,SENT ON PRO FORMA,24429499.0,EXH,
R2K48306,SENT ON PRO FORMA,24956125.0,ELC,
R2L16921,SENT ON PRO FORMA,24632381.0,ELC,
R2L18301,INHOUSE SCRAP,24740287.0,BOD,
R2J40094,ANALYSIS SCRAP,24756400.0,ELC,
R2J40094,ANALYSIS SCRAP,24756400.0,ELC,
R2K42760,ACCEPT,24777079.0,BRK,
R2K46690,CQS,24814602.0,ELC,
R2K46690,CQS,24814602.0,ELC,
R2K46690,CQS,24814602.0,ELC,
R2K46690,CQS,24814602.0,ELC,
R2K46690,CQS,24814602.0,ELC,
R2H26489,PSC-TAMPERED,24689642.0,ELC,
R2G10482,SENT ON PRO FORMA,24787392.0,ELC,
R2J40513,ACCEPT,24798779.0,ELC,
R2K13809,ACCEPT,24813629.0,BRK,
R2J38534,ACCEPT,24821999.0,ELC,
R2L17547,ANALYSIS SCRAP,24830246.0,ELC,
R2K11153,PSC-TAMPERED,24852828.0,ELC,
R2K10948,SENT ON PRO FORMA,24875926.0,HVA,
R2H24313,PSC-TAMPERED,24880436.0,ELC,
R2J40804,ANALYSIS SCRAP,24907277.0,ELC,
R2J40804,ANALYSIS SCRAP,24907277.0,ELC,
R2L20699,PSC-TAMPERED,24910852.0,BRK,
R2K12206,ANALYSIS SCRAP,24944384.0,ELC,
R2M31223,ANALYSIS SCRAP,24944820.0,ELC,
R2M31223,ANALYSIS SCRAP,24944820.0,ELC,
S2A12489,PSC-TAMPERED,24946584.0,ELC,
R2K11487,SENT ON PRO FORMA,24962996.0,HVA,
R2M31638,ACCEPT,24989071.0,ELC,
R2K13708,,24984169.0,ELC,
R2J35040,ACCEPT,24877319.0,ELC,
R2G15661,ACCEPT,24693680.0,HVA,
R2K16307,SENT ON PRO FORMA,24821503.0,ELC,
R2K46245,ACCEPT,24663745.0,ELC,
R2K46245,ACCEPT,24663745.0,ELC,
R2L16365,NPI,24725089.0,BOD,
R2J41698,ACCEPT,24741749.0,ELC,
R2K46539,ACCEPT,24794082.0,ELC,
R2H27499,,24819749.0,HVA,
R2H24313,PSC - Incorrect service,24823136.0,IFT,
R2J32520,ACCEPT,24846496.0,ELC,
R2K49293,DESIGN SCRAP,24849511.0,ELC,
R2M37171,SENT ON PRO FORMA,24881933.0,EXH,
R2J35275,ACCEPT,24882396.0,ELC,
R2J35275,CQS,24882396.0,ELC,
R2L27239,ACCEPT,24889593.0,ELC,
R2M31763,SENT ON PRO FORMA,24921093.0,ELC,
R2L20706,ACCEPT,24945832.0,ELC,
R2L20706,CQS,24945832.0,ELC,
R2L16686,ACCEPT,24950992.0,IFT,
R2J31777,ACCEPT,24759610.0,ELC,
R2K10145,ACCEPT,24790412.0,ELC,
R2K13096,,24800630.0,ELC,
R2J38569,ACCEPT,24815672.0,ELC,
R2K44614,ACCEPT,24866154.0,ELC,
R2H21865,PSC - Incorrect service,24912664.0,FUE,
R2M38365,ACCEPT,24919717.0,ELC,
R2M39142,PSC-TAMPERED,24940027.0,ELC,
R2J35249,ACCEPT,24940118.0,ELC,
R2J38819,PSC - DNR,24949997.0,ENG,
R2J32438,PSC-TAMPERED,24752354.0,ELC,
R2H30549,ACCEPT,24719607.0,ELC,
R2J39519,ACCEPT,24725710.0,ELC,
R2L23774,SENT ON PRO FORMA,24877347.0,ELC,
R2H19639,SENT ON PRO FORMA,24880225.0,BRK,
R2L18048,PSC - DNR,24905421.0,ELC,
R2M38380,PSC-TAMPERED,24939447.0,ELC,
R2J40813,PSC - DAMAGED,24661178.0,BOD,
R2L20033,PSC - DNR,24668679.0,BOD,
R2K47566,,24671286.0,ELC,
R2H25175,PSC - DAMAGED,24803089.0,BOD,
R2K15194,PSC - DAMAGED,24724702.0,BOD,
R2L24981,,24848712.0,ELC,
R2L22568,PSC - DNR,24856884.0,ELC,
R2K13121,SENT ON PRO FORMA,24907316.0,BRK,
R2M35520,PSC - DNR,24907411.0,ELC,
R2H27578,ACCEPT,24724065.0,ELC,
R2H28410,ACCEPT,24736645.0,ELC,
R2L17001,ACCEPT,24803595.0,ELC,
R2K44577,ACCEPT,24749750.0,ELC,
R2L26661,ACCEPT,24776557.0,BOD,
R2K46690,ACCEPT,24814602.0,ELC,
R2K44591,DESIGN SCRAP,24667972.0,ELC,
R2H30541,ANALYSIS SCRAP,24684701.0,ELC,
R2K43654,DNR,24701782.0,HVA,
R2J40003,DESIGN SCRAP,24866300.0,ENG,
R2L24632,PSC-TAMPERED,24883965.0,ELC,
R2H29332,DNR,24676940.0,ELC,
R2K43003,PSC - DAMAGED,24692495.0,BOD,
R2K10267,PSC - DAMAGED,24885480.0,ELC,
R2H30282,ACCEPT,24694246.0,ELC,
R2H22867,ACCEPT,24728147.0,ELC,
R2L19219,SENT ON PRO FORMA,24740136.0,ELC,
R2L16751,SENT ON PRO FORMA,24802293.0,ELC,
R2L18992,ACCEPT,24834915.0,ELC,
R2L18992,CQS,24834915.0,ELC,
R2K44319,SENT ON PRO FORMA,24554992.0,STG,
R2H19109,ACCEPT,24734480.0,ELC,
R2J33935,,24761586.0,ELC,
R2J33935,,24761586.0,ELC,
R2L25858,SENT ON PRO FORMA,24810120.0,HVA,
R2L27664,ACCEPT,24865710.0,FUE,
R2J41473,PSC - Incorrect service,24605370.0,IFT,
R2J41473,PSC - Incorrect service,24605370.0,IFT,
R2J41473,ANALYSIS SCRAP,24605370.0,IFT,
R2K13543,ACCEPT,24656463.0,IFT,
R2L22166,SENT ON PRO FORMA,24664531.0,ELC,
R2K46204,,24502468.0,BOD,
R2J35176,ACCEPT,24658639.0,ELC,
R2K48274,ACCEPT,24676788.0,ELC,
R2H23851,ACCEPT,24727356.0,ELC,
R2H27930,ACCEPT,24730601.0,ELC,
R2H18765,SENT ON PRO FORMA,24774409.0,SAF,
R2L18583,DNR,24781132.0,ELC,
R2L20724,SENT ON PRO FORMA,24800843.0,FUE,
R2L16751,ANALYSIS SCRAP,24802293.0,ELC,
R2L27162,ACCEPT,24813466.0,EXH,
R2J41543,ACCEPT,24435157.0,ENG,
R2H30089,,24512094.0,ELC,
R2H30089,,24512094.0,ELC,
R2L24654,SENT ON PRO FORMA,24753962.0,FUE,
R2L23387,ACCEPT,24798037.0,HVA,
R2J37518,,24649949.0,BOD,
R2G14228,ACCEPT,24687005.0,STG,
R2J41426,SENT ON PRO FORMA,24701853.0,ELC,
R2J34568,ACCEPT,24515295.0,ELC,
R2L17079,,24737591.0,HVA,
R2L20075,,24753710.0,HVA,
R2L20545,ACCEPT,24785031.0,CLU,
R2J38353,SENT ON PRO FORMA,24678074.0,DRL,
R2K12424,SENT ON PRO FORMA,24694276.0,BOD,
R2K48918,SENT ON PRO FORMA,24543274.0,ELC,
R2K46435,ACCEPT,24599075.0,IFT,
R2K46249,ACCEPT,24641477.0,IFT,
R2K46672,ACCEPT,24613955.0,ELC,
R2H26345,ACCEPT,24614844.0,ELC,
R2K13076,ACCEPT,24628875.0,BOD,
R2J38097,PSC-TAMPERED,24633565.0,BRK,
R2K46249,PSC - DAMAGED,24641478.0,ELC,
R2K46249,PSC - DAMAGED,24641478.0,ELC,
R2K15876,ACCEPT,24666785.0,ELC,
R2K47227,ACCEPT,24674935.0,ELC,
R2J33360,ACCEPT,24549041.0,ELC,
R2H20096,ACCEPT,24559779.0,ELC,
R2H29413,PSC - DNR,24581503.0,ELC,
R2J37484,ANALYSIS SCRAP,24477474.0,ELC,
R2J40713,ANALYSIS SCRAP,24600637.0,IFT,
R2K42774,SENT ON PRO FORMA,24432124.0,ELC,
R2K42774,SENT ON PRO FORMA,24432124.0,ELC,
R2J34090,,24542066.0,ELC,
R2H26142,ANALYSIS SCRAP,24639827.0,ELC,
R2K42774,SENT ON PRO FORMA,24432124.0,ELC,
R2K49966,INHOUSE SCRAP,24581743.0,ELC,
R2K46957,PSC-TAMPERED,24566804.0,ELC,
R2J41663,ACCEPT,24575918.0,ELC,
R2J41611,ACCEPT,24633704.0,ELC,
R2K16300,DESIGN SCRAP,24541724.0,ELC,
R2K12015,DESIGN SCRAP,24541725.0,ELC,
R2J41298,AGREEGATE SCRAP,24553404.0,FUE,
R2K45741,ACCEPT,24557265.0,DRL,
R2K43857,ACCEPT,24585918.0,BOD,
R2H26221,ACCEPT,24481285.0,IFT,
R2J32757,ACCEPT,24526257.0,ELC,
R2K46259,ACCEPT,24564515.0,IFT,
R2H27189,ACCEPT,24563785.0,ELC,
R2H24699,ACCEPT,24433689.0,ELC,
R2K44577,ACCEPT,24446481.0,ELC,
R2J31410,SENT ON PRO FORMA,24274820.0,HVAC,MTN
R2J37002,INHOUSE SCRAP,24338303.0,ELC,
R2J39521,SENT ON PRO FORMA,24463311.0,BOD,
R2J41634,SENT ON PRO FORMA,24466217.0,BOD,
R2J40766,SENT ON PRO FORMA,24506231.0,BOD,
R2H27135,ACCEPT,24440888.0,ELC,
R2K44146,ACCEPT,24456790.0,ELC,
R2K11552,ACCEPT,24468093.0,ELC,
R2H21434,ACCEPT,24446609.0,ELC,
R2J30868,,24439835.0,ELC,
R2G16170,,24414517.0,ELC,
R2H24627,ACCEPT,24291914.0,ELC,
R2J34275,ACCEPT,24408627.0,ELC,
R2J34011,DNR,24354708.0,ELC,
R2H29791,SENT ON PRO FORMA,24428738.0,ELC,
R2J31410,ACCEPT,24278553.0,HVAC,RV
R2J39887,SENT ON PRO FORMA,24292718.0,ELC,MTN
R2L26561,,,HVAC,Pending
R2H23769,,24260166.0,DAC,
R2F43220,,,,
R2G12706,,,,
R2G12706,,,,
R2G12804,,,,
R2G14207,,,,
R2G14340,,,,
R2G14754,,,,
R2G15919,,,,
R2G16171,,,,
R2G16171,,,,
R2G16171,,,,
R2G16215,,,,
R2G16904,,,,
R2G17207,,,,
R2G17733,,,,
R2G18614,,,,
R2G48082,,,,
R2H19223,,,,
R2H20078,,,,
R2H20977,,,,
R2H20977,,,,
R2H21117,,,BODY,
R2H21444,,,,
R2H22705,,,,
R2H22788,,,,
R2H22954,,,,
R2H22985,,,,
R2H23105,,,HVAC,
R2H23410,,,,
R2H23410,,,,
R2H23883,,,,
R2H24699,,,,
R2H25866,,,,
R2H26369,,,,
R2H26746,,,,
R2H27239,,,ESS,
R2H27835,,,,
R2H28508,,,,
R2H28541,,,BODY,
R2H28579,,,,
R2H28967,,,,
R2H29232,,,,
R2H29264,,,,
R2H29546,,,BODY,
R2H29546,,,BODY,
R2H29546,,,BODY,
R2H29619,,,,
R2H29619,,,,
R2H29726,,,,
R2H30114,,,,
R2H30590,,,,
R2J30828,,,,
R2J30828,,,,
R2J31013,,,,
R2J31027,,,,
R2J31688,,,,
R2J31688,,,,
R2J31787,,,HVAC,
R2J31915,,,,
R2J32069,,,ESS,
R2J32069,,,ESS,
R2J32081,,,,
R2J32089,,,,
R2J32586,,,,
R2J33282,,,ESS,
R2J33283,,,ELC,
R2J33505,,,,
R2J33536,,,,
R2J33993,,,,
R2J34399,,,,
R2J34569,,,,
R2J34804,,,,
R2J35710,,,,
R2J36471,,,,
R2J36645,,,,
R2J36776,,,,
R2J36776,,,,
R2J36795,,,,
R2J36890,,,,
R2J36940,,,,
R2J36940,,,,
R2J36966,,,,
R2J37026,,,,
R2J37290,,,,
R2J37608,,,,
R2J37852,,,HVAC,
R2J37897,,,,
R2J37943,,,BODY,
R2J38126,,,,
R2J38751,,,,
R2J38799,,,,
R2J38819,,,,
R2J38819,,,,
R2J39133,,,,
R2J39352,,,,
R2J39525,,,,
R2J39754,,,,
R2J40314,,,ESS,
R2J40426,,,,
R2J40430,,,,
R2J40477,,,,
R2J40793,,,BODY,
R2J40813,,,,
R2J40976,,,,
R2J41332,,,,
R2J41424,,,,
R2J41595,,,,
R2J41610,,,,
R2J41610,,,,
R2J41610,,,,
R2J41610,,,,
R2J41610,,,,
R2J41663,,,,
R2J42087,,,,
R2J42272,,,,
R2J42549,,,,
R2J42596,,,,
R2K10120,,,,
R2K10422,,,,
R2K11034,,,,
R2K11186,,,,
R2K11212,,,,
R2K11661,,,,
R2K11716,,,,
R2K12238,,,,
R2K12541,,,,
R2K12541,,,,
R2K12710,,,,
R2K12809,,,,
R2K13104,,,ELC,
R2K13299,,,,
R2K13780,,,,
R2K13799,,,HVAC,
R2K13802,,,,
R2K13802,,,,
R2K14376,,,,
R2K14378,,,,
R2K14514,,,,
R2K14814,,,,
R2K14814,,,,
R2K14931,,,,
R2K15122,,,,
R2K15134,,,,
R2K15248,,,,
R2K42811,,,,
R2K43105,,,,
R2K43234,,,,
R2K43357,,,,
R2K43419,,,,
R2K43600,,,,
R2K43616,,,,
R2K43707,,,,
R2K44067,,,,
R2K44155,,,,
R2K44203,,,,
R2K44313,,,,
R2K44316,,,ELC,
R2K44579,,,BODY,
R2K44625,,,BODY,
R2K44641,,,,
R2K44646,,,BODY,
R2K44785,,,,
R2K44821,,,,
R2K44921,,,,
R2K45065,,,,
R2K45084,,,,
R2K45090,,,,
R2K45479,,,ESS,
R2K45659,,,,
R2K45815,,,,
R2K46044,,,,
R2K46249,,,,
R2K46361,,,,
R2K46425,,,,
R2K46816,,,,
R2K46816,,,,
R2K46869,,,,
R2K47169,,,,
R2K47196,,,BODY,
R2K47377,,,,
R2K47595,,,,
R2K47900,,,,
R2K47982,,,,
R2K48206,,,,
R2K48224,,,ESS,
R2K48256,,,,
R2K49156,,,,
R2K49274,,,ELC,
R2K49417,,,,
R2K49568,,,,
R2K49568,,,,
R2K49619,,,,
R2K49638,,,,
R2K49822,,,,
R2L17038,,,BODY,
R2L17038,,,BODY,
R2L17212,,,,
R2L17219,,,,
R2L17626,,,,
R2L17628,,,ESS,
R2L17801,,,,
R2L18030,,,,
R2L18067,,,,
R2L18311,,,,
R2L18715,,,ELC,
R2L18823,,,,
R2L20111,,,,
R2L20279,,,,
R2L20638,,,,
R2L20679,,,,
R2L20974,,,,
R2L21120,,,,
R2L21210,,,,
R2L21270,,,,
R2L21636,,,,
R2L21657,,,,
R2L22070,,,,
R2L22368,,,PDT,
R2L22568,,,,
R2L23193,,,,
R2L23204,,,,
R2L23530,,,,
R2L23739,,,,
R2L24024,,,BODY,
R2L24024,,,BODY,
R2L24024,,,BODY,
R2L24024,,,BODY,
R2L24024,,,BODY,
R2L24101,,,,
R2L24162,,,,
R2L24162,,,,
R2L24746,,,BODY,
R2L25861,,,,
R2L26032,,,,
R2L26269,,,,
R2L26300,,,,
R2L26636,,,,
R2L26636,,,,
R2L26636,,,,
R2L26636,,,,
R2L26636,,,,
R2L26636,,,,
R2L26636,,,,
R2L26636,,,,
R2L26650,,,,
R2L27048,,,,
R2L27291,,,ELC,
R2L27291,,,ELC,
R2L27694,,,,
R2L27910,,,,
R2L28231,,,BODY,
R2L28285,,,BODY,
R2M28761,,,,
R2M28779,,,,
R2M29110,,,,
R2M29313,,,,
R2M29318,,,BODY,
R2M29318,,,BODY,
R2M29467,,,ELC,
R2M29556,,,,
R2M29644,,,,
R2M29881,,,,
R2M30342,,,,
R2M30372,,,,
R2M30576,,,,
R2M30576,,,,
R2M30576,,,,
R2M30576,,,,
R2M30576,,,,
R2M30576,,,,
R2M30576,,,,
R2M30576,,,,
R2M30576,,,,
R2M31317,,,,
R2M31761,,,,
R2M31855,,,,
R2M32083,,,,
R2M32125,,,,
R2M32287,,,,
R2M32445,,,,
R2M32632,,,,
R2M33000,,,,
R2M33139,,,,
R2M33464,,,BODY,
R2M33491,,,,
R2M33703,,,,
R2M34008,,,,
R2M34158,,,BODY,
R2M34259,,,,
R2M34315,,,,
R2M34409,,,,
R2M34542,,,,
R2M34552,,,,
R2M34552,,,,
R2M34552,,,,
R2M34552,,,,
R2M34682,,,,
R2M35167,,,,
R2M35190,,,,
R2M35212,,,,
R2M35355,,,,
R2M35355,,,,
R2M35464,,,,
R2M36033,,,,
R2M37078,,,,
R2M37083,,,,
R2M37362,,,,
R2M37416,,,,
R2M37626,,,,
R2M37626,,,,
R2M37626,,,,
R2M37626,,,,
R2M37626,,,,
R2M37969,,,,
R2M37969,,,,
R2M38989,,,BODY,
R2M39442,,,,
R2M39468,,,,
R2M39468,,,,
R2M39468,,,,
R2M39488,,,,
S2A10462,,,BODY,
S2A11765,,,,
S2A11860,,,,
S2A11952,,,,
S2A12039,,,,
S2A12346,,,,
S2A12449,,,,
S2A12858,,,,
S2A13019,,,,
S2A13597,,,,
S2A13597,,,,
S2A13696,,,BODY,
S2A13779,,,,
S2A13916,,,BODY,
S2A14232,,,,
S2A14633,,,,
S2A14702,,,,
S2A14738,,,,
S2A14883,,,,
S2A15025,,,,
S2A15345,,,,
S2A15345,,,,
S2A15377,,,,
S2A15859,,,,
S2A15887,,,,
S2A15887,,,PDT,
S2A15895,,,,
S2A16049,,,,
S2A16063,,,,
S2A16281,,,,
S2A16281,,,,
S2A16555,,,,
S2A16555,,,,
S2A16926,,,,
S2A17073,,,,
S2A17228,,,,
S2A17345,,,,
S2A18705,,,,
S2A18764,,,,
S2A19536,,,,
S2A19557,,,,
S2A19668,,,,
S2A20248,,,,
S2A20389,,,,
S2A20389,,,,
S2A20452,,,BODY,
S2A20455,,,,
S2A20455,,,,
S2A20633,,,,
S2A20633,,,,
S2A20895,,,,
S2A21268,,,,
S2A21572,,,,
S2A21742,,,,
S2A21742,,,,
S2A21898,,,ESS,
S2A22225,,,,
S2A22386,,,,
S2A22635,,,,
S2A22699,,,,
S2B23419,,,,
S2B23419,,,,
S2B23556,,,,
S2B23792,,,,
S2B24019,,,,
S2B24185,,,,
S2B24376,,,,
S2B24472,,,ESS,
S2B24480,,,,
S2B25074,,,,
S2B25080,,,,
S2B25184,,,,
S2B25837,,,,
S2B25997,,,,
S2B26008,,,ELC,
S2B26010,,,,
S2B26208,,,,
S2B26230,,,,
S2B26272,,,,
S2B26587,,,,
S2B26590,,,,
S2B26631,,,,
S2B26658,,,,
S2B26658,,,,
S2B26971,,,,
S2B26971,,,,
S2B27260,,,,
S2B27768,,,,
S2B27847,,,,
S2B27847,,,,
S2B28148,,,,
S2B28317,,,,
S2B28706,,,,
S2B30100,,,,
S2B30100,,,,
S2B30341,,,,
S2B30988,,,,
S2B31173,,,,
S2B31562,,,,
S2B31620,,,ELC,
S2B32318,,,,
S2B32406,,,,
S2B32711,,,,
S2B33172,,,,
S2B33522,,,,
S2B33561,,,,
S2B33561,,,,
S2B33655,,,,
S2B33655,,,,
S2B33655,,,,
S2B33655,,,,
S2B33655,,,,
S2B33655,,,,
S2B33655,,,,
S2B33668,,,,
S2B34661,,,,
S2B34670,,,,
S2B34816,,,,
S2C35493,,,BODY,
S2C35493,,,,
S2C35856,,,,
S2C36682,,,,
S2C37168,,,,
S2C37415,,,,
S2C37614,,,,
S2C37614,,,,
S2C37942,,,,
S2C38452,,,,
S2C38784,,,,
S2C38850,,,,
S2C39033,,,,
S2C39149,,,,
S2C39152,,,,
S2C39237,,,ESS,
S2C39333,,,,
S2C39340,,,,
S2C40008,,,,
S2C40008,,,,
S2C40165,,,,
S2C40588,,,,
S2C40839,,,,
S2C41181,,,,
S2C41573,,,,
S2C41611,,,,
S2C41621,,,,
S2C41938,,,,
S2C42366,,,,
S2C42366,,,,
S2C42366,,,,
S2C42366,,,,
S2C42366,,,,
S2C42450,,,,
S2C42591,,,,
S2C42703,,,,
S2C42998,,,,
S2C43181,,,,
S2C43763,,,,
S2C43818,,,,
S2C43991,,,,
S2C43991,,,,
S2C44489,,,,
S2C44638,,,,
S2C45349,,,,
S2C45362,,,,
S2C45591,,,,
S2C45643,,,,
S2C45911,,,,
S2C45919,,,,
S2C45933,,,,
S2C46029,,,,
S2C46318,,,,
S2C46329,,,,
S2C46329,,,,
S2C46329,,,,
S2C46329,,,,
S2C46572,,,,
S2C46620,,,,
S2C47027,,,,
S2D10102,,,,
S2D10755,,,,
S2D10843,,,,
S2D10843,,,,
S2D10951,,,,
S2D10961,,,,
S2D11224,,,,
S2D11384,,,,
S2D11571,,,,
S2D11830,,,,
S2D11948,,,,
S2D12394,,,,
S2D12752,,,,
S2D13867,,,,
S2D13867,,,,
S2D13923,,,,
S2D14617,,,,
S2D14695,,,,
S2D14888,,,,
S2D14909,,,,
S2D15006,,,,
S2D15188,,,,
S2D15219,,,,
S2D15489,,,,
S2D15740,,,,
S2D16324,,,,
S2D16404,,,,
S2D16643,,,,
S2D16827,,,,
S2D16827,,,,
S2D16834,,,,
S2D17139,,,,
S2D17192,,,,
S2D17400,,,,
S2D17935,,,,
S2D18894,,,,
S2D19191,,,,
S2D19330,,,,
S2D19433,,,,
S2D20092,,,,
S2D20092,,,,
S2D20206,,,,
S2D20860,,,,
S2D21168,,,,
S2D21540,,,,
S2D21832,,,,
S2D22063,,,,
S2D22095,,,,
S2E22920,,,,
S2E23974,,,,
S2E24178,,,,
S2E24322,,,,
S2E24781,,,,
S2E24874,,,,
S2E25222,,,,
S2E25222,,,,
S2E26251,,,,
S2E26576,,,,
S2E26576,,,,
S2E26685,,,,
S2E26697,,,,
S2E26753,,,,
S2E26883,,,,
S2E27179,,,,
S2E27360,,,,
S2E27492,,,,
S2E27891,,,,
S2E28617,,,,
S2E29164,,,,
S2E29185,,,,
S2E29677,,,,
S2E29677,,,,
S2E30571,,,,
S2E30596,,,,
S2E30698,,,,
S2E31317,,,,
S2E32626,,,,
S2E32990,,,,
S2E33018,,,,
S2E33032,,,,
S2E33673,,,,
S2E33804,,,,
S2E33886,,,,
S2E34051,,,,
S2E34051,,,,
S2E34051,,,,
S2E34258,,,,
S2E34467,,,,
S2E34561,,,,
S2E34872,,,,
S2E34979,,,,
S2E35206,,,,
S2E35206,,,,
S2F35957,,,,
S2F36118,,,,
S2F36325,,,,
S2F36668,,,,
S2F36882,,,,
S2F36948,,,,
S2F37106,,,,
S2F37426,,,,
S2F37612,,,,
S2F37612,,,,
S2F38377,,,,
S2F40141,,,,
S2F40757,,,,
S2F40757,,,,
S2F40757,,,,
S2F40757,,,,
S2F41148,,,,
S2F41148,,,,
S2F41148,,,,
S2F41148,,,,
S2F41523,,,,
S2F41932,,,,
S2F42364,,,,
S2F42611,,,,
S2F43948,,,,
S2F44310,,,,
S2F44591,,,,
S2F44591,,,,
S2F44715,,,,
S2F44715,,,,
S2F44715,,,,
S2F44715,,,,
S2F44911,,,,
S2F46824,,,,
S2F46862,,,,
S2F46862,,,,
S2F46862,,,,
S2F46869,,,,
S2F47533,,,,
S2F47706,,,,
S2G10244,,,,
S2G10244,,,,
S2G10370,,,,
S2G10370,,,,
S2G12434,,,,
S2G12434,,,,
S2G12434,,,,
S2G12434,,,,
S2G14355,,,,
S2G14438,,,,
S2G14449,,,,
S2G18251,,,,
S2G19509,,,,
S2G19509,,,,
S2G19509,,,,
S2G48558,,,,
S2G49558,,,,
S2G49558,,,,
S2H26200,,,,
R2K49068,,24459290.0,EXH,
R2K43800,,24389160.0,BRK,
R2H24699,,24433689.0,ELC,
R2H19724,,24474505.0,BOD,
R2H27835,,24475417.0,EXH,
R2J33383,,24478530.0,BOD,
R2J38062,,24481331.0,ELC,
R2K45283,,24488426.0,TRA,
R2J41298,,24544092.0,SAF,
R2J40713,,24600637.0,IFT,
R2J37736,,24484270.0,IFT,
R2J37311,,24485900.0,IFT,
R2K45664,,24501943.0,BOD,
R2H23076,,24540504.0,ELC,
R2H25054,,24540962.0,BOD,
R2J36093,,24543899.0,ELC,
R2K49777,,24547469.0,SAF,
R2J37603,,24555495.0,IFT,
R2K42774,,24581737.0,ELC,
R2K45548,,24582141.0,EXH,
R2K49023,,24601221.0,BOD,
R2K10931,,24617203.0,EXH,
R2J35446,,24623765.0,ELC,
R2H26142,,24639827.0,ELC,
R2K49535,,24643128.0,EXH,
R2K11654,,24649877.0,ELC,
R2H22172,,24651080.0,BOD,
R2K45484,,24655801.0,ELC,
R2L22757,,24664538.0,ELC,
R2H19350,,24666168.0,BOD,
R2K44106,,24666756.0,BOD,
R2K11460,,24671886.0,TRA,
R2K11460,,24671886.0,TRA,
R2K43366,,24585752.0,BOD,
R2K44116,,24589263.0,IFT,
R2K45373,,24595781.0,IFT,
R2K43577,,24609226.0,IFT,
R2K43223,,24613291.0,IFT,
R2J35323,,24613395.0,IFT,
R2J34704,,24639496.0,IFT,
R2K43833,,24665590.0,IFT,
R2G11417,,24677729.0,BOD,
R2L16675,,24693236.0,BOD,
R2J37292,,24694318.0,IFT,
R2J41456,,24694932.0,HVA,
R2K43366,,24698945.0,BOD,
R2J40645,,24706316.0,BOD,
R2J31104,,24708099.0,IFT,
R2L22369,,24708621.0,IFT,
R2L23040,,24720360.0,ELC,
R2K43223,,24734588.0,BOD,
R2J32630,,24736302.0,ELC,
R2J42021,,24742506.0,BOD,
R2K42684,,24745069.0,ELC,
R2K46661,,24751980.0,IFT,
R2L24736,,24752133.0,ELC,
R2H24307,,24761173.0,ELC,
R2L25843,,24767487.0,BOD,
R2K46882,,24768762.0,ELC,
R2H22688,,24778260.0,BOD,
R2L22566,,24788931.0,EXH,
R2K42783,,24789162.0,BOD,
R2J40199,,24789252.0,IFT,
R2K11123,,24789254.0,IFT,
R2M30164,,24797017.0,TRA,
R2M30164,,24797017.0,TRA,
R2M30164,,24797017.0,TRA,
R2J40399,,24797298.0,BOD,
R2J40865,,24797305.0,IFT,
R2L21199,,24798126.0,CLN,
R2J40537,,24803396.0,IFT,
R2K10769,,24805302.0,HVA,
R2G15450,,24805599.0,BOD,
R2L25858,,24810120.0,HVA,
R2K42649,,24811453.0,ELC,
R2K15006,,24815035.0,BOD,
R2H25844,,24820796.0,ELC,
R2M30727,,24839536.0,IFT,
R2M32157,,24865197.0,ELC,
R2J31104,,24708097.0,CLN,
R2K42690,,24715304.0,BOD,
R2K44990,,24751070.0,BOD,
R2J41746,,24752810.0,BOD,
R2L22500,,24761144.0,ELC,
R2H25928,,24762961.0,BOD,
R2J33466,,24772849.0,ELC,
R2K49739,,24776304.0,BOD,
R2K45056,,24784271.0,BOD,
R2G17886,,24792712.0,ELC,
R2H24915,,24799520.0,HVA,
R2L17303,,24800059.0,EXH,
R2J41663,,24803064.0,ELC,
R2K13474,,24805447.0,IFT,
R2J35010,,24807027.0,BOD,
R2L21089,,24807764.0,ELC,
R2L20838,,24809835.0,BOD,
R2K47575,,24811340.0,IFT,
R2J40027,,24813570.0,ELC,
R2J40258,,24813579.0,ELC,
R2K13104,,24814594.0,IFT,
R2J38569,,24814975.0,ELC,
R2H25844,,24820797.0,IFT,
R2J38846,,24820799.0,BOD,
R2J35807,,24829063.0,BOD,
R2L22955,,24830637.0,IFT,
R2K47023,,24836871.0,ELC,
R2L27586,,24840407.0,ELC,
R2K47398,,24843846.0,IFT,
R2L23479,,24844436.0,IFT,
R2J41312,,24845627.0,BOD,
R2J41312,,24845627.0,BOD,
R2K44510,,24853803.0,EXH,
R2K48742,,24857012.0,ELC,
R2J34029,,24857094.0,ELC,
R2L25502,,24860261.0,BOD,
R2K46690,,24869937.0,IFT,
R2J31555,,24870606.0,ELC,
R2K10330,,24873351.0,ELC,
R2J35275,,24882396.0,ELC,
R2K45453,,24883712.0,BOD,
R2J41852,,24883866.0,ELC,
R2J35414,,24886287.0,IFT,
R2K46814,,24892519.0,BOD,
R2J33696,,24895551.0,ELC,
R2M31638,,24896475.0,BOD,
R2K12118,,24902768.0,ELC,
R2M29661,,24902770.0,BOD,
R2K43014,,24905558.0,IFT,
R2K47456,,24905877.0,BOD,
R2M39153,,24907855.0,BOD,
R2K45659,,24908260.0,IFT,
R2J37767,,24909545.0,BOD,
R2M35952,,24910421.0,ELC,
R2K49143,,24916910.0,BOD,
R2L20457,,24921322.0,ELC,
R2G13782,,24922634.0,BOD,
R2L26644,,24923864.0,FUE,
R2J34397,,24925888.0,ELC,
R2H30378,,24932551.0,ELC,
R2L18429,,24935157.0,ELC,
R2M31341,,24936959.0,ELC,
R2L23757,,24937989.0,BOD,
R2M37912,,24942690.0,ELC,
R2M37912,,24942690.0,ELC,
R2K12206,,24944384.0,ELC,
R2L20706,,24945832.0,ELC,
S2A12489,,24946582.0,ELC,
R2J33338,,24949363.0,ELC,
R2K44899,,24949913.0,IFT,
R2M37507,,24955560.0,BOD,
R2L17242,,24959562.0,IFT,
R2L27421,,24960018.0,TRA,
R2M30138,,24965697.0,ELC,
R2L26128,,24965901.0,ELC,
R2K11810,,24973260.0,IFT,
R2L17679,,24976687.0,BOD,
R2M31638,,24986739.0,BOD,
R2L20525,,24988844.0,ELC,
R2L20525,,24988844.0,ELC,
S2A11005,,24994115.0,ELC,
R2K48256,,25021207.0,BOD,
R2M32523,,25031109.0,ELC,
R2J32562,,24618795.0,SAF,
R2K47900,,24828950.0,CLN,
R2H23055,,24873508.0,ELC,
R2H25833,,24883818.0,BOD,
R2H25576,,24903999.0,IFT,
R2J40713,,24936900.0,BOD,
R2J40713,,24936900.0,BOD,
R2J40713,,24936900.0,BOD,
R2J40713,,24936900.0,BOD,
R2J40713,,24936900.0,BOD,
R2J40713,,24936900.0,BOD,
R2J40713,,24936900.0,BOD,
R2J41627,,24938851.0,IFT,
R2H23419,,24939042.0,ELC,
R2H22881,,24941475.0,BOD,
R2M36881,,24942349.0,ELC,
R2H22954,,24956257.0,BOD,
R2L25637,,24961529.0,IFT,
R2J35348,,24965582.0,ELC,
R2H26344,,24970025.0,BOD,
R2J32965,,24970445.0,BOD,
R2K44276,,24973028.0,BOD,
R2M36101,,24977230.0,IFT,
R2K13693,,24983486.0,FUE,
R2M32680,,24987233.0,BOD,
R2K43132,,24989658.0,BOD,
R2K43132,,24989658.0,BOD,
R2K43132,,24989658.0,BOD,
R2L22306,,25002299.0,ELC,
R2J36451,,25007320.0,IFT,
R2L22293,,25025309.0,BOD,
R2K48734,,25026043.0,BRK,
R2M29486,,25039770.0,ELC,
R2M34980,,25040674.0,BOD,
R2M33534,,25049232.0,BOD,
R2M33534,,25049232.0,BOD,
R2H21163,,25063387.0,ELC,
R2L22890,,25064080.0,ELC,
R2J37596,,25065402.0,IFT,
R2J37596,,25065402.0,IFT,
R2L27746,,25079028.0,ELC,
R2L27773,PSC - DAMAGED,25086113.0,ELC,
S2A11058,,25086909.0,SAF,
S2A14104,,25088851.0,ELC,
R2M35476,,25104257.0,ELC,
R2M37993,,25105720.0,ELC,
S2A12448,,25121524.0,BOD,
S2A12448,,25121524.0,BOD,
R2K46830,,24718484.0,ELC,
R2L22246,,24880122.0,BOD,
R2K43005,,24912627.0,BOD,
R2H27996,,24920600.0,BOD,
R2K14916,,24947163.0,ELC,
R2L18881,,24952911.0,WHT,
R2H30088,,24956136.0,IFT,
R2L20731,,24959406.0,IFT,
R2G17893,,24960255.0,IFT,
R2J35464,,24960256.0,IFT,
R2J40814,,24962989.0,BOD,
R2L23377,,24984395.0,FUE,
R2K46648,,24992845.0,EXH,
R2M31219,,25012019.0,ELC,
R2K15918,,25012022.0,ELC,
R2K15918,,25012023.0,ELC,
R2K14452,,25021152.0,ELC,
R2H28133,,25021263.0,BOD,
R2H29866,,25021386.0,IFT,
R2H19099,,25023660.0,IFT,
R2K48384,,25029432.0,BOD,
R2K48384,,25029432.0,BOD,
R2K48384,,25029432.0,BOD,
R2K48384,,25029432.0,BOD,
S2A15280,,25032968.0,ELC,
S2A10071,,25040336.0,ELC,
R2K13525,,25040494.0,BRK,
R2K11650,,25047592.0,ELC,
R2K45821,,25049544.0,BOD,
R2M30372,,25052744.0,FUE,
R2K46667,,25054739.0,BOD,
R2J34848,,25059189.0,HVA,
R2L27547,,25064823.0,BOD,
R2M31304,,25072062.0,IFT,
R2M38155,,25078243.0,BOD,
R2J40291,,25080717.0,BOD,
R2J34275,,25085526.0,HVA,
R2M38048,,25097969.0,STG,
R2M36349,,25098324.0,IFT,
R2J40976,,25105100.0,ELC,
S2A15997,,25131813.0,ELC,
R2M29404,,25133475.0,ELC,
R2M35470,,25141605.0,ELC,
R2K44115,,25142209.0,ELC,
R2H23754,,25142314.0,BOD,
S2A18188,,25145998.0,ELC,
R2J41006,,25148940.0,BOD,
S2A22413,,25154083.0,BOD,
R2K48120,,25166158.0,BOD,
R2K10690,,25175585.0,ELC,
R2L18946,,25185904.0,ENG,
R2L18946,,25185904.0,ENG,
R2M33210,,25224171.0,BOD,
